protocol,load_pkts,seed_offset,latency_ms
PhysaRoute,5,0,14.023838841010978
PhysaRoute,5,1,13.521339508832085
PhysaRoute,5,2,17.163718929550615
PhysaRoute,5,3,14.308409416530393
PhysaRoute,5,4,13.114528768112551
PhysaRoute,5,5,15.72377560305868
PhysaRoute,5,6,15.75712711590492
PhysaRoute,5,7,11.675607749757386
PhysaRoute,5,8,16.219090304582398
PhysaRoute,5,9,15.021731964891421
PhysaRoute,5,10,13.353874473044204
PhysaRoute,5,11,12.814372928455427
PhysaRoute,5,12,16.892165241909158
PhysaRoute,5,13,15.207435484583566
PhysaRoute,5,14,15.86663349856034
PhysaRoute,5,15,17.324724758916076
PhysaRoute,5,16,16.10408989890704
PhysaRoute,5,17,17.99019681665731
PhysaRoute,5,18,15.776794332696605
PhysaRoute,5,19,15.057867994465806
PhysaRoute,5,20,14.345941051801493
PhysaRoute,5,21,16.57765151555337
PhysaRoute,5,22,17.955296377392187
PhysaRoute,5,23,17.723527648579598
PhysaRoute,5,24,15.804316420379859
PhysaRoute,5,25,15.287220450290231
PhysaRoute,5,26,14.038086119500557
PhysaRoute,5,27,14.745435105928086
PhysaRoute,5,28,16.25803568306028
PhysaRoute,5,29,16.517852565008116
PhysaRoute,10,0,14.361323559649147
PhysaRoute,10,1,15.538233075959372
PhysaRoute,10,2,15.992387086662465
PhysaRoute,10,3,14.65967703091389
PhysaRoute,10,4,15.328106780874013
PhysaRoute,10,5,17.194335346985504
PhysaRoute,10,6,15.493004003491267
PhysaRoute,10,7,17.212313101131148
PhysaRoute,10,8,12.819729157934628
PhysaRoute,10,9,14.566829155017679
PhysaRoute,10,10,12.656141759953316
PhysaRoute,10,11,13.854224919098947
PhysaRoute,10,12,12.391407338495135
PhysaRoute,10,13,13.807256939298355
PhysaRoute,10,14,14.534471158963495
PhysaRoute,10,15,13.994072157671406
PhysaRoute,10,16,12.985990181402709
PhysaRoute,10,17,13.81318011216913
PhysaRoute,10,18,15.217892776154622
PhysaRoute,10,19,17.623537135137184
PhysaRoute,10,20,12.394224819570718
PhysaRoute,10,21,15.82457757584736
PhysaRoute,10,22,15.74611318118943
PhysaRoute,10,23,12.285505500728148
PhysaRoute,10,24,13.92878110784309
PhysaRoute,10,25,16.192384234807054
PhysaRoute,10,26,14.278520419350293
PhysaRoute,10,27,13.367478210949043
PhysaRoute,10,28,14.10360028590179
PhysaRoute,10,29,17.21031199745747
PhysaRoute,20,0,14.089228043265267
PhysaRoute,20,1,13.90664723556226
PhysaRoute,20,2,13.938567918301406
PhysaRoute,20,3,13.487062635723966
PhysaRoute,20,4,16.68224015067429
PhysaRoute,20,5,15.539977041312145
PhysaRoute,20,6,18.44106825682186
PhysaRoute,20,7,16.72007580640897
PhysaRoute,20,8,15.528807012687844
PhysaRoute,20,9,15.117480701759103
PhysaRoute,20,10,11.819171489601564
PhysaRoute,20,11,16.41162500227762
PhysaRoute,20,12,15.156609561349084
PhysaRoute,20,13,14.297978719495475
PhysaRoute,20,14,13.667575172863895
PhysaRoute,20,15,15.853159101662147
PhysaRoute,20,16,10.759569843768068
PhysaRoute,20,17,16.45202770003099
PhysaRoute,20,18,13.140178146112568
PhysaRoute,20,19,15.571711226560188
PhysaRoute,20,20,16.921938692776475
PhysaRoute,20,21,15.383452320324535
PhysaRoute,20,22,17.75545594541423
PhysaRoute,20,23,14.804828799048336
PhysaRoute,20,24,11.472920675294459
PhysaRoute,20,25,15.126090361048306
PhysaRoute,20,26,14.351499451210389
PhysaRoute,20,27,15.360175968093365
PhysaRoute,20,28,15.083943948450704
PhysaRoute,20,29,15.840597291947796
PhysaRoute,40,0,14.7233336018119
PhysaRoute,40,1,15.47800502966241
PhysaRoute,40,2,16.003530529223077
PhysaRoute,40,3,16.061543578029138
PhysaRoute,40,4,16.93549124567243
PhysaRoute,40,5,13.582884351768588
PhysaRoute,40,6,15.782762655572073
PhysaRoute,40,7,13.415876984516746
PhysaRoute,40,8,14.663292974382713
PhysaRoute,40,9,14.616114705781106
PhysaRoute,40,10,14.603393330123534
PhysaRoute,40,11,16.197954885959618
PhysaRoute,40,12,13.644396026633233
PhysaRoute,40,13,12.391095997037038
PhysaRoute,40,14,17.435932503555204
PhysaRoute,40,15,15.701263075472625
PhysaRoute,40,16,15.058877869545258
PhysaRoute,40,17,15.264767491495244
PhysaRoute,40,18,15.06841291590905
PhysaRoute,40,19,12.690482133852399
PhysaRoute,40,20,16.14507634059299
PhysaRoute,40,21,17.266097245022113
PhysaRoute,40,22,15.107019717719528
PhysaRoute,40,23,17.79951634456714
PhysaRoute,40,24,15.247717050690621
PhysaRoute,40,25,15.897262375354165
PhysaRoute,40,26,14.496607372730807
PhysaRoute,40,27,15.671010060344125
PhysaRoute,40,28,14.40092002720853
PhysaRoute,40,29,14.180440433888165
PhysaRoute,80,0,18.10062421446743
PhysaRoute,80,1,18.39343272751754
PhysaRoute,80,2,18.138624189068405
PhysaRoute,80,3,17.341255963187844
PhysaRoute,80,4,16.80149795803933
PhysaRoute,80,5,18.002770459189744
PhysaRoute,80,6,18.452578707387772
PhysaRoute,80,7,16.44914433564241
PhysaRoute,80,8,16.630308021647036
PhysaRoute,80,9,16.91078927155194
PhysaRoute,80,10,17.399102930613513
PhysaRoute,80,11,17.194290746245972
PhysaRoute,80,12,16.072413079768992
PhysaRoute,80,13,16.777840786836137
PhysaRoute,80,14,16.087046642023584
PhysaRoute,80,15,15.593583830845295
PhysaRoute,80,16,15.645568653647178
PhysaRoute,80,17,13.57287926176179
PhysaRoute,80,18,18.868422252277128
PhysaRoute,80,19,16.780066564741755
PhysaRoute,80,20,17.442038588729183
PhysaRoute,80,21,17.12782844598735
PhysaRoute,80,22,15.868124711603267
PhysaRoute,80,23,20.132349138804056
PhysaRoute,80,24,15.19212331347865
PhysaRoute,80,25,17.28629616228116
PhysaRoute,80,26,16.295605446063536
PhysaRoute,80,27,20.818843803617387
PhysaRoute,80,28,18.220297926678594
PhysaRoute,80,29,20.90311981376697
PhysaRoute,120,0,20.87908960372373
PhysaRoute,120,1,21.89903466107564
PhysaRoute,120,2,20.53110233911194
PhysaRoute,120,3,20.678289943779173
PhysaRoute,120,4,20.841313046555623
PhysaRoute,120,5,21.81828260129778
PhysaRoute,120,6,18.644883833318374
PhysaRoute,120,7,21.89051967165415
PhysaRoute,120,8,22.007294795117794
PhysaRoute,120,9,20.8035280168142
PhysaRoute,120,10,20.754488377637514
PhysaRoute,120,11,20.62852843578733
PhysaRoute,120,12,17.67660269158924
PhysaRoute,120,13,22.287823643775496
PhysaRoute,120,14,21.925576517620026
PhysaRoute,120,15,16.485648570005896
PhysaRoute,120,16,20.520090979199374
PhysaRoute,120,17,16.59635015417641
PhysaRoute,120,18,20.878324914432532
PhysaRoute,120,19,18.372270500004092
PhysaRoute,120,20,20.739938043717558
PhysaRoute,120,21,18.660383438898577
PhysaRoute,120,22,19.557982300225135
PhysaRoute,120,23,20.758822400528253
PhysaRoute,120,24,20.030497015259446
PhysaRoute,120,25,21.46807954102574
PhysaRoute,120,26,20.909244795297347
PhysaRoute,120,27,21.724598472147047
PhysaRoute,120,28,18.593171572690316
PhysaRoute,120,29,22.426686694428746
PhysaRoute,160,0,22.225762461992936
PhysaRoute,160,1,24.918934704015303
PhysaRoute,160,2,22.920922553434973
PhysaRoute,160,3,24.281893906313968
PhysaRoute,160,4,23.817106862320248
PhysaRoute,160,5,23.91157201488352
PhysaRoute,160,6,25.53810735445424
PhysaRoute,160,7,23.627357108311656
PhysaRoute,160,8,24.100407205292182
PhysaRoute,160,9,23.77498204641557
PhysaRoute,160,10,24.64280235036858
PhysaRoute,160,11,24.73675481582852
PhysaRoute,160,12,25.9209255293855
PhysaRoute,160,13,23.121539167061812
PhysaRoute,160,14,24.833274543870647
PhysaRoute,160,15,27.28325762585633
PhysaRoute,160,16,22.514774314341455
PhysaRoute,160,17,21.614906788253144
PhysaRoute,160,18,25.18566914359397
PhysaRoute,160,19,24.85964998009667
PhysaRoute,160,20,24.788108584472987
PhysaRoute,160,21,25.095311869485414
PhysaRoute,160,22,24.53529481454208
PhysaRoute,160,23,26.37715012891026
PhysaRoute,160,24,23.67531952824852
PhysaRoute,160,25,23.770952437605555
PhysaRoute,160,26,21.218855648518748
PhysaRoute,160,27,22.871267566862965
PhysaRoute,160,28,23.66310963176101
PhysaRoute,160,29,19.419865425394626
RL-WBAN,5,0,24.82984187222209
RL-WBAN,5,1,25.250191860840687
RL-WBAN,5,2,25.095199107748705
RL-WBAN,5,3,24.23651719498096
RL-WBAN,5,4,24.174022770702695
RL-WBAN,5,5,23.52533955932152
RL-WBAN,5,6,22.648755677548138
RL-WBAN,5,7,23.246379109427828
RL-WBAN,5,8,22.482651691153812
RL-WBAN,5,9,24.319577173498057
RL-WBAN,5,10,25.312958259207033
RL-WBAN,5,11,23.454017041508422
RL-WBAN,5,12,23.20603728946622
RL-WBAN,5,13,24.876169586731592
RL-WBAN,5,14,25.07168150667106
RL-WBAN,5,15,24.147880594283098
RL-WBAN,5,16,22.765695328794237
RL-WBAN,5,17,26.316487824630656
RL-WBAN,5,18,26.250490719778828
RL-WBAN,5,19,22.830454687639236
RL-WBAN,5,20,22.151444697725346
RL-WBAN,5,21,24.358658717511585
RL-WBAN,5,22,25.583917199892017
RL-WBAN,5,23,25.575677696431317
RL-WBAN,5,24,23.323485037244083
RL-WBAN,5,25,26.272244584726035
RL-WBAN,5,26,24.67314956613289
RL-WBAN,5,27,26.05004195680722
RL-WBAN,5,28,23.70178261947652
RL-WBAN,5,29,26.073700746822116
RL-WBAN,10,0,25.6222193774017
RL-WBAN,10,1,25.74281417963199
RL-WBAN,10,2,20.825354308199124
RL-WBAN,10,3,23.48751072151987
RL-WBAN,10,4,26.13106478946725
RL-WBAN,10,5,22.63957341345959
RL-WBAN,10,6,25.108833593083354
RL-WBAN,10,7,21.32341376838191
RL-WBAN,10,8,22.92573922705058
RL-WBAN,10,9,25.401644177067116
RL-WBAN,10,10,24.81755140362921
RL-WBAN,10,11,23.818807256513814
RL-WBAN,10,12,19.57779185542599
RL-WBAN,10,13,25.43854825985556
RL-WBAN,10,14,20.809225039718328
RL-WBAN,10,15,23.385452209103878
RL-WBAN,10,16,22.770978207088078
RL-WBAN,10,17,24.703129215695775
RL-WBAN,10,18,24.009361444988578
RL-WBAN,10,19,24.604852616661887
RL-WBAN,10,20,26.14997006948582
RL-WBAN,10,21,21.32750793701299
RL-WBAN,10,22,24.145420924885343
RL-WBAN,10,23,21.82746783022072
RL-WBAN,10,24,24.441246297819628
RL-WBAN,10,25,24.06668654911465
RL-WBAN,10,26,23.425771101660036
RL-WBAN,10,27,26.14328268419173
RL-WBAN,10,28,22.494092817191817
RL-WBAN,10,29,23.58124615306179
RL-WBAN,20,0,24.61338843234259
RL-WBAN,20,1,23.990776681199534
RL-WBAN,20,2,25.898807809961777
RL-WBAN,20,3,24.77460193856557
RL-WBAN,20,4,23.656637076897685
RL-WBAN,20,5,24.051946484267738
RL-WBAN,20,6,26.181894684476337
RL-WBAN,20,7,22.988409639015877
RL-WBAN,20,8,23.771105820420015
RL-WBAN,20,9,23.3628626094929
RL-WBAN,20,10,23.923537317669926
RL-WBAN,20,11,22.492321702341062
RL-WBAN,20,12,24.58053257528816
RL-WBAN,20,13,23.014383050051567
RL-WBAN,20,14,23.129194030187357
RL-WBAN,20,15,23.600547348357175
RL-WBAN,20,16,25.149688654683857
RL-WBAN,20,17,24.642724562805164
RL-WBAN,20,18,23.55494956351989
RL-WBAN,20,19,22.22465442618811
RL-WBAN,20,20,22.81910673029989
RL-WBAN,20,21,22.348193244208954
RL-WBAN,20,22,25.47199217196035
RL-WBAN,20,23,26.287923553076016
RL-WBAN,20,24,23.93571921819766
RL-WBAN,20,25,29.218483679553277
RL-WBAN,20,26,22.167434290827188
RL-WBAN,20,27,23.83540760129255
RL-WBAN,20,28,23.01440113899487
RL-WBAN,20,29,21.292470621384304
RL-WBAN,40,0,24.34930195742596
RL-WBAN,40,1,23.04480066698236
RL-WBAN,40,2,24.934303737318192
RL-WBAN,40,3,19.446188584677202
RL-WBAN,40,4,25.248816029283667
RL-WBAN,40,5,24.76696779465255
RL-WBAN,40,6,26.250080687846694
RL-WBAN,40,7,23.089881333660582
RL-WBAN,40,8,21.45481071647002
RL-WBAN,40,9,22.568936223983346
RL-WBAN,40,10,24.299196840215615
RL-WBAN,40,11,22.667610433794316
RL-WBAN,40,12,22.930993182187578
RL-WBAN,40,13,24.97100046002789
RL-WBAN,40,14,23.72936418074778
RL-WBAN,40,15,23.940948448751328
RL-WBAN,40,16,24.719642788249246
RL-WBAN,40,17,24.6531528901314
RL-WBAN,40,18,26.31391128961015
RL-WBAN,40,19,24.44392682668314
RL-WBAN,40,20,24.292239169984207
RL-WBAN,40,21,24.667805376120892
RL-WBAN,40,22,23.35642085751387
RL-WBAN,40,23,23.87153189838047
RL-WBAN,40,24,24.03037113796875
RL-WBAN,40,25,21.430986929695997
RL-WBAN,40,26,26.467064330857568
RL-WBAN,40,27,22.73566488830295
RL-WBAN,40,28,25.80925408092142
RL-WBAN,40,29,24.10384424040029
RL-WBAN,80,0,30.5261366178322
RL-WBAN,80,1,27.650587499070156
RL-WBAN,80,2,27.604363020348345
RL-WBAN,80,3,29.170734241984082
RL-WBAN,80,4,28.305084493058242
RL-WBAN,80,5,27.33317576098304
RL-WBAN,80,6,27.288668630467214
RL-WBAN,80,7,29.8445659036965
RL-WBAN,80,8,25.585823858936852
RL-WBAN,80,9,27.162785873753595
RL-WBAN,80,10,28.54565110040616
RL-WBAN,80,11,25.436054108072227
RL-WBAN,80,12,28.637339397831465
RL-WBAN,80,13,28.58681596110863
RL-WBAN,80,14,25.75455058429327
RL-WBAN,80,15,26.359980499998954
RL-WBAN,80,16,26.302011042191634
RL-WBAN,80,17,26.48928578071134
RL-WBAN,80,18,30.142662090343485
RL-WBAN,80,19,28.38190187647266
RL-WBAN,80,20,27.853622105849976
RL-WBAN,80,21,27.23266385449537
RL-WBAN,80,22,27.239868857666977
RL-WBAN,80,23,30.489275761008532
RL-WBAN,80,24,25.47838953086903
RL-WBAN,80,25,27.86416183866494
RL-WBAN,80,26,26.78941212455633
RL-WBAN,80,27,26.706038292751998
RL-WBAN,80,28,29.464887213555723
RL-WBAN,80,29,27.234630289253978
RL-WBAN,120,0,30.262933193929697
RL-WBAN,120,1,31.422971434223584
RL-WBAN,120,2,33.72703172002254
RL-WBAN,120,3,32.353270325221324
RL-WBAN,120,4,33.47003804191265
RL-WBAN,120,5,31.20527666567799
RL-WBAN,120,6,32.91263280177853
RL-WBAN,120,7,30.99692133719924
RL-WBAN,120,8,31.10606001809042
RL-WBAN,120,9,31.773524797921088
RL-WBAN,120,10,33.95005881468265
RL-WBAN,120,11,31.193034944839294
RL-WBAN,120,12,33.75760393954296
RL-WBAN,120,13,31.318902279067775
RL-WBAN,120,14,31.58462882197329
RL-WBAN,120,15,33.77325254605194
RL-WBAN,120,16,30.99576405743109
RL-WBAN,120,17,31.280027187318026
RL-WBAN,120,18,32.7902808093857
RL-WBAN,120,19,31.60920855708216
RL-WBAN,120,20,32.951180878894526
RL-WBAN,120,21,28.8497501021725
RL-WBAN,120,22,31.468445251688404
RL-WBAN,120,23,30.992140881972496
RL-WBAN,120,24,32.773634788426556
RL-WBAN,120,25,30.637986990568148
RL-WBAN,120,26,28.808770619306795
RL-WBAN,120,27,33.31411124020253
RL-WBAN,120,28,34.664619231550894
RL-WBAN,120,29,31.94683168584288
RL-WBAN,160,0,36.5268645844304
RL-WBAN,160,1,39.08169495447132
RL-WBAN,160,2,37.091375687511984
RL-WBAN,160,3,38.69036572064435
RL-WBAN,160,4,39.51977100453853
RL-WBAN,160,5,39.8890573104065
RL-WBAN,160,6,39.69845282005962
RL-WBAN,160,7,38.245266387807234
RL-WBAN,160,8,37.684526811668064
RL-WBAN,160,9,37.59866921597601
RL-WBAN,160,10,35.83578307939692
RL-WBAN,160,11,39.106602980876914
RL-WBAN,160,12,39.46074952102753
RL-WBAN,160,13,35.95302041971597
RL-WBAN,160,14,37.96804602214151
RL-WBAN,160,15,38.29487267820951
RL-WBAN,160,16,36.69731238909935
RL-WBAN,160,17,37.731739809714874
RL-WBAN,160,18,37.41017344048521
RL-WBAN,160,19,37.76604516676464
RL-WBAN,160,20,36.060653091487126
RL-WBAN,160,21,39.96208050850325
RL-WBAN,160,22,38.34411163281907
RL-WBAN,160,23,37.83138313424614
RL-WBAN,160,24,37.93691401825409
RL-WBAN,160,25,37.763855368593916
RL-WBAN,160,26,39.85867189188353
RL-WBAN,160,27,37.6982164651949
RL-WBAN,160,28,37.289236784375234
RL-WBAN,160,29,40.13630077796865
PZ-2021,5,0,24.249912143265114
PZ-2021,5,1,25.024268091302652
PZ-2021,5,2,26.90687229415276
PZ-2021,5,3,26.350299733401084
PZ-2021,5,4,26.631581261384273
PZ-2021,5,5,25.400378707703265
PZ-2021,5,6,27.290579492150023
PZ-2021,5,7,25.434367616625888
PZ-2021,5,8,22.96512631224594
PZ-2021,5,9,27.063347944142755
PZ-2021,5,10,27.00897622945792
PZ-2021,5,11,25.858962408346372
PZ-2021,5,12,25.277152889159677
PZ-2021,5,13,26.96631040531521
PZ-2021,5,14,27.51150313854099
PZ-2021,5,15,24.75081164305857
PZ-2021,5,16,25.356118037317977
PZ-2021,5,17,26.87540226278492
PZ-2021,5,18,25.30549725624895
PZ-2021,5,19,26.27103475737864
PZ-2021,5,20,25.908847122500138
PZ-2021,5,21,27.7448890504004
PZ-2021,5,22,26.931671471026263
PZ-2021,5,23,24.773989583688767
PZ-2021,5,24,26.350338045635137
PZ-2021,5,25,24.891509022920552
PZ-2021,5,26,24.29826186464279
PZ-2021,5,27,26.784947628923064
PZ-2021,5,28,25.382890460609
PZ-2021,5,29,27.214052790026376
PZ-2021,10,0,26.241344588785505
PZ-2021,10,1,24.328509798808764
PZ-2021,10,2,26.159584165895275
PZ-2021,10,3,26.344742412244578
PZ-2021,10,4,26.308493625527614
PZ-2021,10,5,25.748060167777087
PZ-2021,10,6,25.81142488924317
PZ-2021,10,7,25.939384442191237
PZ-2021,10,8,26.8550646569966
PZ-2021,10,9,25.529710935543545
PZ-2021,10,10,23.3531728023968
PZ-2021,10,11,27.557912287208147
PZ-2021,10,12,26.920890012516164
PZ-2021,10,13,24.8358860783033
PZ-2021,10,14,26.34234415001417
PZ-2021,10,15,29.088738917833147
PZ-2021,10,16,25.906495259047276
PZ-2021,10,17,24.670157007713104
PZ-2021,10,18,24.98585461799406
PZ-2021,10,19,26.156758915151983
PZ-2021,10,20,24.98539752336559
PZ-2021,10,21,24.155825822109385
PZ-2021,10,22,25.573675175739446
PZ-2021,10,23,26.342874281963315
PZ-2021,10,24,25.321305496818486
PZ-2021,10,25,25.810854511033334
PZ-2021,10,26,24.49834463995871
PZ-2021,10,27,24.72804368609774
PZ-2021,10,28,27.63784771498985
PZ-2021,10,29,27.610124559972157
PZ-2021,20,0,26.779032172972613
PZ-2021,20,1,24.387461740620278
PZ-2021,20,2,24.22221983622336
PZ-2021,20,3,24.383811217384963
PZ-2021,20,4,25.53624938378138
PZ-2021,20,5,28.640883376754555
PZ-2021,20,6,26.26744734798991
PZ-2021,20,7,25.319160658949375
PZ-2021,20,8,26.367804775883656
PZ-2021,20,9,24.435391746058073
PZ-2021,20,10,26.92833013817518
PZ-2021,20,11,27.9028905757011
PZ-2021,20,12,26.7395068724132
PZ-2021,20,13,22.83723113305497
PZ-2021,20,14,26.14880296230658
PZ-2021,20,15,25.231125319119368
PZ-2021,20,16,26.05547147264988
PZ-2021,20,17,26.823929596367442
PZ-2021,20,18,25.286361990804682
PZ-2021,20,19,28.124204049499095
PZ-2021,20,20,25.382422242127213
PZ-2021,20,21,28.741363883200727
PZ-2021,20,22,25.208440414085963
PZ-2021,20,23,25.737628121125073
PZ-2021,20,24,25.66984329383713
PZ-2021,20,25,25.049271015480386
PZ-2021,20,26,25.659265492450277
PZ-2021,20,27,24.39449470406683
PZ-2021,20,28,25.333007660347192
PZ-2021,20,29,25.224317249896405
PZ-2021,40,0,25.21743476898942
PZ-2021,40,1,27.055278792176097
PZ-2021,40,2,24.800082802340178
PZ-2021,40,3,25.04264042834625
PZ-2021,40,4,26.42992423398502
PZ-2021,40,5,24.812614450272523
PZ-2021,40,6,24.57589351672826
PZ-2021,40,7,27.822932400809314
PZ-2021,40,8,25.86987559016117
PZ-2021,40,9,25.878266867655924
PZ-2021,40,10,24.605700763595518
PZ-2021,40,11,26.432267676295254
PZ-2021,40,12,26.875633086024973
PZ-2021,40,13,24.229183277790362
PZ-2021,40,14,27.75527351776382
PZ-2021,40,15,26.68044616750465
PZ-2021,40,16,26.980337008958152
PZ-2021,40,17,28.48501246645188
PZ-2021,40,18,28.738288368369226
PZ-2021,40,19,25.525260517887688
PZ-2021,40,20,25.0667193558411
PZ-2021,40,21,23.56077550688644
PZ-2021,40,22,27.508951287884308
PZ-2021,40,23,25.869638646840027
PZ-2021,40,24,25.908879091575855
PZ-2021,40,25,25.933191113949693
PZ-2021,40,26,25.693917845449484
PZ-2021,40,27,25.307079560854472
PZ-2021,40,28,25.233296042619457
PZ-2021,40,29,29.104136792953724
PZ-2021,80,0,28.88364765870567
PZ-2021,80,1,30.54700440946188
PZ-2021,80,2,30.256868900549083
PZ-2021,80,3,28.8952681079338
PZ-2021,80,4,32.116459705716935
PZ-2021,80,5,31.138927233887582
PZ-2021,80,6,29.055748030196874
PZ-2021,80,7,29.338843129429566
PZ-2021,80,8,29.771232569631337
PZ-2021,80,9,29.119250591367372
PZ-2021,80,10,30.948081600706328
PZ-2021,80,11,31.92058806449473
PZ-2021,80,12,31.417351801799043
PZ-2021,80,13,28.537088660702945
PZ-2021,80,14,30.34225476644012
PZ-2021,80,15,31.4512592684706
PZ-2021,80,16,30.234518875373713
PZ-2021,80,17,30.316998442552453
PZ-2021,80,18,30.01184873897361
PZ-2021,80,19,29.417382277261943
PZ-2021,80,20,29.77013988915742
PZ-2021,80,21,29.632362852706365
PZ-2021,80,22,28.752601487617305
PZ-2021,80,23,29.207522201239172
PZ-2021,80,24,31.020636437202242
PZ-2021,80,25,30.144766428270916
PZ-2021,80,26,26.482065838697736
PZ-2021,80,27,32.85401523429756
PZ-2021,80,28,30.632568873370943
PZ-2021,80,29,31.601888700396433
PZ-2021,120,0,33.543462937274114
PZ-2021,120,1,32.86805657887732
PZ-2021,120,2,36.84341441768382
PZ-2021,120,3,35.34160896238219
PZ-2021,120,4,35.764382037266394
PZ-2021,120,5,34.54854377840647
PZ-2021,120,6,34.234025616234895
PZ-2021,120,7,36.91694477457009
PZ-2021,120,8,36.34777807577706
PZ-2021,120,9,35.904393299157114
PZ-2021,120,10,35.110667004534925
PZ-2021,120,11,37.01022661442909
PZ-2021,120,12,34.75090845713597
PZ-2021,120,13,37.744324705782006
PZ-2021,120,14,37.50606035551192
PZ-2021,120,15,34.694058198059636
PZ-2021,120,16,34.393115296643806
PZ-2021,120,17,33.96479870675104
PZ-2021,120,18,33.57080062245385
PZ-2021,120,19,33.878991080507056
PZ-2021,120,20,34.55182996843873
PZ-2021,120,21,33.308643476919734
PZ-2021,120,22,33.79554129910327
PZ-2021,120,23,34.90396800598092
PZ-2021,120,24,32.21469930690241
PZ-2021,120,25,34.26111630082885
PZ-2021,120,26,33.091571759826905
PZ-2021,120,27,34.90206473027802
PZ-2021,120,28,35.318557528104236
PZ-2021,120,29,34.029977312087254
PZ-2021,160,0,40.36527208705086
PZ-2021,160,1,43.00890820689634
PZ-2021,160,2,40.40024427765925
PZ-2021,160,3,39.97521380885784
PZ-2021,160,4,41.446962544025936
PZ-2021,160,5,42.491540960486816
PZ-2021,160,6,40.30987860948766
PZ-2021,160,7,41.67691527690696
PZ-2021,160,8,42.42378510472447
PZ-2021,160,9,40.494507885948856
PZ-2021,160,10,39.583901545053195
PZ-2021,160,11,38.889746652686824
PZ-2021,160,12,42.94113160040477
PZ-2021,160,13,41.904396910864655
PZ-2021,160,14,42.75903680626508
PZ-2021,160,15,41.34339027140022
PZ-2021,160,16,41.70592597030674
PZ-2021,160,17,40.96963453968959
PZ-2021,160,18,39.141593762575084
PZ-2021,160,19,42.083108334471056
PZ-2021,160,20,40.70627951358403
PZ-2021,160,21,43.905331422762934
PZ-2021,160,22,40.64143862235175
PZ-2021,160,23,44.38368378193505
PZ-2021,160,24,42.24816134900038
PZ-2021,160,25,40.081449767877004
PZ-2021,160,26,42.721362057924765
PZ-2021,160,27,43.197164456294566
PZ-2021,160,28,42.93710519017555
PZ-2021,160,29,39.98016856576749
DARE-IoT,5,0,28.20952613315791
DARE-IoT,5,1,31.225828884769818
DARE-IoT,5,2,26.725826827769204
DARE-IoT,5,3,31.009125766104827
DARE-IoT,5,4,27.89902734673063
DARE-IoT,5,5,30.26620555190252
DARE-IoT,5,6,29.74593782266398
DARE-IoT,5,7,29.778187572524704
DARE-IoT,5,8,30.238757177791925
DARE-IoT,5,9,29.486568489322647
DARE-IoT,5,10,28.51290642583934
DARE-IoT,5,11,27.72107507354273
DARE-IoT,5,12,30.94186078120018
DARE-IoT,5,13,27.678151307701356
DARE-IoT,5,14,27.966635432854382
DARE-IoT,5,15,29.66633340744242
DARE-IoT,5,16,28.396994500292745
DARE-IoT,5,17,28.12549695736716
DARE-IoT,5,18,28.26979066823247
DARE-IoT,5,19,25.63941098516007
DARE-IoT,5,20,28.434597283155853
DARE-IoT,5,21,31.128407750006097
DARE-IoT,5,22,27.69952264733983
DARE-IoT,5,23,28.874909016841357
DARE-IoT,5,24,26.7419307081747
DARE-IoT,5,25,29.8675992123927
DARE-IoT,5,26,29.19443549249219
DARE-IoT,5,27,30.005329867447283
DARE-IoT,5,28,27.719852601799584
DARE-IoT,5,29,29.59291135948546
DARE-IoT,10,0,28.44933328627357
DARE-IoT,10,1,29.786430094773994
DARE-IoT,10,2,27.86031649148195
DARE-IoT,10,3,27.972123041375987
DARE-IoT,10,4,29.274306777834724
DARE-IoT,10,5,28.264604422549798
DARE-IoT,10,6,29.259953652490655
DARE-IoT,10,7,28.992886663340233
DARE-IoT,10,8,32.10220960963092
DARE-IoT,10,9,28.2814527887667
DARE-IoT,10,10,29.060843359070137
DARE-IoT,10,11,29.56942599818631
DARE-IoT,10,12,28.844663426373717
DARE-IoT,10,13,29.310880529045043
DARE-IoT,10,14,29.304038359943256
DARE-IoT,10,15,28.7253128068013
DARE-IoT,10,16,26.257082501307085
DARE-IoT,10,17,28.159142389281026
DARE-IoT,10,18,30.83075223050138
DARE-IoT,10,19,28.51715658677273
DARE-IoT,10,20,30.116072887136355
DARE-IoT,10,21,28.03074298126648
DARE-IoT,10,22,27.999794749555086
DARE-IoT,10,23,28.168893166224027
DARE-IoT,10,24,28.19365209039091
DARE-IoT,10,25,27.195416803133103
DARE-IoT,10,26,28.364212906719505
DARE-IoT,10,27,32.02085087269974
DARE-IoT,10,28,29.09165220358087
DARE-IoT,10,29,30.50954623767701
DARE-IoT,20,0,31.420540247002176
DARE-IoT,20,1,26.787540540814348
DARE-IoT,20,2,28.020585809308383
DARE-IoT,20,3,28.429194759206954
DARE-IoT,20,4,28.245461375819893
DARE-IoT,20,5,28.098872931836542
DARE-IoT,20,6,28.093525946839947
DARE-IoT,20,7,29.843992854008743
DARE-IoT,20,8,30.302592581833096
DARE-IoT,20,9,25.92304413700146
DARE-IoT,20,10,29.727639342228688
DARE-IoT,20,11,30.91812482042198
DARE-IoT,20,12,28.290201878089874
DARE-IoT,20,13,27.57890608519442
DARE-IoT,20,14,28.03636724565259
DARE-IoT,20,15,30.253139320070254
DARE-IoT,20,16,27.790947884811047
DARE-IoT,20,17,28.634911646336047
DARE-IoT,20,18,31.612497477523622
DARE-IoT,20,19,29.43149155080301
DARE-IoT,20,20,29.04023677240303
DARE-IoT,20,21,29.159711969704237
DARE-IoT,20,22,29.626259919023944
DARE-IoT,20,23,30.04020075867571
DARE-IoT,20,24,27.217318872890385
DARE-IoT,20,25,28.410176846616565
DARE-IoT,20,26,28.85294746842465
DARE-IoT,20,27,27.475447458517454
DARE-IoT,20,28,29.15617363745826
DARE-IoT,20,29,31.38119657051096
DARE-IoT,40,0,29.66158018150169
DARE-IoT,40,1,27.340882104251477
DARE-IoT,40,2,30.55807044146612
DARE-IoT,40,3,25.946231475271855
DARE-IoT,40,4,31.372564552805276
DARE-IoT,40,5,30.223401817369368
DARE-IoT,40,6,31.664691963769567
DARE-IoT,40,7,30.1326767833277
DARE-IoT,40,8,27.117167223405662
DARE-IoT,40,9,28.65701984503898
DARE-IoT,40,10,26.854624413977962
DARE-IoT,40,11,28.978734728191924
DARE-IoT,40,12,26.62730173256526
DARE-IoT,40,13,27.587098961780047
DARE-IoT,40,14,27.529195107469036
DARE-IoT,40,15,26.841332951522084
DARE-IoT,40,16,29.08395737093247
DARE-IoT,40,17,28.379246067751087
DARE-IoT,40,18,28.167026519671314
DARE-IoT,40,19,26.998832098819257
DARE-IoT,40,20,31.91197187847446
DARE-IoT,40,21,28.065685441838564
DARE-IoT,40,22,27.62670205459601
DARE-IoT,40,23,28.102853728729276
DARE-IoT,40,24,30.824475583247352
DARE-IoT,40,25,28.064281449891695
DARE-IoT,40,26,29.59613865215632
DARE-IoT,40,27,26.362987204717125
DARE-IoT,40,28,27.955704083843415
DARE-IoT,40,29,30.590897578837307
DARE-IoT,80,0,30.18068842352939
DARE-IoT,80,1,34.220325686682365
DARE-IoT,80,2,34.50588102965835
DARE-IoT,80,3,31.9539104740729
DARE-IoT,80,4,31.94303974110402
DARE-IoT,80,5,32.39129492264388
DARE-IoT,80,6,33.65888571829359
DARE-IoT,80,7,32.566472253701086
DARE-IoT,80,8,32.45197937654002
DARE-IoT,80,9,34.026232685238966
DARE-IoT,80,10,33.17861381829046
DARE-IoT,80,11,34.05387933649766
DARE-IoT,80,12,34.116953685517785
DARE-IoT,80,13,32.905286154868975
DARE-IoT,80,14,33.38224946011588
DARE-IoT,80,15,32.601957324785744
DARE-IoT,80,16,32.59695713273447
DARE-IoT,80,17,33.65511936807609
DARE-IoT,80,18,29.415746802516757
DARE-IoT,80,19,30.976229577730066
DARE-IoT,80,20,33.879964225217684
DARE-IoT,80,21,32.8620962635481
DARE-IoT,80,22,34.98578465529932
DARE-IoT,80,23,36.220923345280966
DARE-IoT,80,24,32.74944801165642
DARE-IoT,80,25,33.77244809899455
DARE-IoT,80,26,33.14264013381799
DARE-IoT,80,27,35.1866697571865
DARE-IoT,80,28,31.25630410745905
DARE-IoT,80,29,33.06675528549168
DARE-IoT,120,0,41.882989287545655
DARE-IoT,120,1,38.41587584848469
DARE-IoT,120,2,38.49346576178932
DARE-IoT,120,3,40.15604674134931
DARE-IoT,120,4,39.14778461605171
DARE-IoT,120,5,40.73969499547543
DARE-IoT,120,6,36.36990481969586
DARE-IoT,120,7,38.7682784389434
DARE-IoT,120,8,36.01528410914849
DARE-IoT,120,9,39.94496200788053
DARE-IoT,120,10,39.96587969830464
DARE-IoT,120,11,38.5687838153802
DARE-IoT,120,12,38.882666178116246
DARE-IoT,120,13,37.492257692207126
DARE-IoT,120,14,38.68885075456452
DARE-IoT,120,15,38.45334469736164
DARE-IoT,120,16,41.566835170594494
DARE-IoT,120,17,37.40692804363297
DARE-IoT,120,18,38.488457396386515
DARE-IoT,120,19,38.351629538805824
DARE-IoT,120,20,39.94775595662485
DARE-IoT,120,21,39.91964543520872
DARE-IoT,120,22,40.24817759352179
DARE-IoT,120,23,36.624503186555394
DARE-IoT,120,24,37.116794168697346
DARE-IoT,120,25,38.0843155508711
DARE-IoT,120,26,38.68324252580802
DARE-IoT,120,27,39.83180861783374
DARE-IoT,120,28,40.71225474882795
DARE-IoT,120,29,40.26983878584671
DARE-IoT,160,0,44.72145741982316
DARE-IoT,160,1,46.84428017468782
DARE-IoT,160,2,44.32908673269884
DARE-IoT,160,3,44.67339554573419
DARE-IoT,160,4,44.015299183567855
DARE-IoT,160,5,47.53736736210334
DARE-IoT,160,6,46.229569854938255
DARE-IoT,160,7,44.92258307745152
DARE-IoT,160,8,47.74337468249184
DARE-IoT,160,9,42.6116022050134
DARE-IoT,160,10,47.31874715762391
DARE-IoT,160,11,47.16535145711056
DARE-IoT,160,12,47.9166491888167
DARE-IoT,160,13,46.5326817327577
DARE-IoT,160,14,46.00273652753442
DARE-IoT,160,15,45.34425943234928
DARE-IoT,160,16,47.4946028484549
DARE-IoT,160,17,44.886843163895065
DARE-IoT,160,18,46.731525440051634
DARE-IoT,160,19,49.10799341198551
DARE-IoT,160,20,49.847791295966005
DARE-IoT,160,21,48.01608250772657
DARE-IoT,160,22,44.717695342729165
DARE-IoT,160,23,48.234840523347025
DARE-IoT,160,24,47.24392545535171
DARE-IoT,160,25,47.8744091849544
DARE-IoT,160,26,43.99720073534509
DARE-IoT,160,27,44.912427003314164
DARE-IoT,160,28,44.74857348299797
DARE-IoT,160,29,45.372576073605266
PSO-Energy,5,0,31.670620946893
PSO-Energy,5,1,31.408067715382405
PSO-Energy,5,2,33.679492000529144
PSO-Energy,5,3,31.52981825258689
PSO-Energy,5,4,34.070386208541706
PSO-Energy,5,5,31.414488351044813
PSO-Energy,5,6,30.48036063675833
PSO-Energy,5,7,30.906064547774385
PSO-Energy,5,8,30.065994017431027
PSO-Energy,5,9,31.952525503455718
PSO-Energy,5,10,32.85437668747832
PSO-Energy,5,11,31.905791767824667
PSO-Energy,5,12,31.019302814307526
PSO-Energy,5,13,34.61648679602977
PSO-Energy,5,14,29.27750799817215
PSO-Energy,5,15,32.123954712987064
PSO-Energy,5,16,33.47242537701747
PSO-Energy,5,17,29.472050575172485
PSO-Energy,5,18,30.42792384523713
PSO-Energy,5,19,32.32033114785329
PSO-Energy,5,20,32.60268769575627
PSO-Energy,5,21,34.42114732271544
PSO-Energy,5,22,29.779550977021866
PSO-Energy,5,23,30.767475825677167
PSO-Energy,5,24,32.58207090794678
PSO-Energy,5,25,32.439776763325305
PSO-Energy,5,26,32.55470312447836
PSO-Energy,5,27,30.297965538283687
PSO-Energy,5,28,32.34526931425011
PSO-Energy,5,29,34.966687846728405
PSO-Energy,10,0,34.01533195291172
PSO-Energy,10,1,33.16049630869122
PSO-Energy,10,2,29.835245547314926
PSO-Energy,10,3,29.74456186361803
PSO-Energy,10,4,32.40216765722281
PSO-Energy,10,5,32.6605281854485
PSO-Energy,10,6,31.55183270218462
PSO-Energy,10,7,32.877711635142845
PSO-Energy,10,8,30.963397549279374
PSO-Energy,10,9,35.60157225901944
PSO-Energy,10,10,31.29179176150859
PSO-Energy,10,11,31.986771372364196
PSO-Energy,10,12,31.873555667472502
PSO-Energy,10,13,31.48276917401409
PSO-Energy,10,14,32.8617538888436
PSO-Energy,10,15,33.130302972754706
PSO-Energy,10,16,32.76200319488493
PSO-Energy,10,17,30.057586245842998
PSO-Energy,10,18,31.70326240015773
PSO-Energy,10,19,32.93661171261699
PSO-Energy,10,20,31.710487524639923
PSO-Energy,10,21,29.494631344286912
PSO-Energy,10,22,32.77930155122017
PSO-Energy,10,23,33.12972775385873
PSO-Energy,10,24,33.93944163260254
PSO-Energy,10,25,33.4388908266262
PSO-Energy,10,26,29.67396719225621
PSO-Energy,10,27,31.671395884934114
PSO-Energy,10,28,33.85631215101817
PSO-Energy,10,29,32.90907533880967
PSO-Energy,20,0,31.3336015779534
PSO-Energy,20,1,30.942095190970104
PSO-Energy,20,2,30.087500003758187
PSO-Energy,20,3,33.20540000160672
PSO-Energy,20,4,34.34311290634683
PSO-Energy,20,5,32.78194360797403
PSO-Energy,20,6,31.93737860290199
PSO-Energy,20,7,31.88693020528624
PSO-Energy,20,8,33.23184014073948
PSO-Energy,20,9,32.659646487804714
PSO-Energy,20,10,32.014670399949736
PSO-Energy,20,11,33.90652582990174
PSO-Energy,20,12,29.322158913313235
PSO-Energy,20,13,32.2876248656558
PSO-Energy,20,14,31.090410713416034
PSO-Energy,20,15,34.19632912665136
PSO-Energy,20,16,32.20186289395336
PSO-Energy,20,17,30.63250518129026
PSO-Energy,20,18,33.294800613147736
PSO-Energy,20,19,32.85361084464669
PSO-Energy,20,20,32.24816498115542
PSO-Energy,20,21,30.66170766497004
PSO-Energy,20,22,33.14374917900498
PSO-Energy,20,23,32.0849053966093
PSO-Energy,20,24,31.483055191348274
PSO-Energy,20,25,30.31333984841236
PSO-Energy,20,26,30.675033438617085
PSO-Energy,20,27,32.32133794234219
PSO-Energy,20,28,33.13035219226331
PSO-Energy,20,29,29.79346726035316
PSO-Energy,40,0,34.05877785575525
PSO-Energy,40,1,31.859562730147598
PSO-Energy,40,2,31.725734158167647
PSO-Energy,40,3,31.14591466641161
PSO-Energy,40,4,35.72571109237199
PSO-Energy,40,5,32.519171808970675
PSO-Energy,40,6,31.311593367985868
PSO-Energy,40,7,32.043825564611154
PSO-Energy,40,8,33.592087488390725
PSO-Energy,40,9,30.74239744719881
PSO-Energy,40,10,33.62622308376327
PSO-Energy,40,11,29.150429528244892
PSO-Energy,40,12,32.285579874169464
PSO-Energy,40,13,32.56455772639317
PSO-Energy,40,14,32.65567707640541
PSO-Energy,40,15,33.67403129236687
PSO-Energy,40,16,35.19409150922863
PSO-Energy,40,17,37.333402743158096
PSO-Energy,40,18,31.317218417800134
PSO-Energy,40,19,35.21782548931504
PSO-Energy,40,20,30.36702504455249
PSO-Energy,40,21,32.585051962904764
PSO-Energy,40,22,29.755321751526157
PSO-Energy,40,23,31.814574452705372
PSO-Energy,40,24,31.758361250513083
PSO-Energy,40,25,29.601625100910148
PSO-Energy,40,26,32.21866641139585
PSO-Energy,40,27,28.612242952002717
PSO-Energy,40,28,33.595845960814685
PSO-Energy,40,29,30.754809122286762
PSO-Energy,80,0,37.606799112199305
PSO-Energy,80,1,37.20789764111461
PSO-Energy,80,2,38.387317317154995
PSO-Energy,80,3,36.3950976702817
PSO-Energy,80,4,38.205266995457094
PSO-Energy,80,5,34.65837204514783
PSO-Energy,80,6,34.66473838526919
PSO-Energy,80,7,36.59422531236035
PSO-Energy,80,8,38.61174054178844
PSO-Energy,80,9,33.73370059404647
PSO-Energy,80,10,37.107980825790385
PSO-Energy,80,11,38.57857709104174
PSO-Energy,80,12,37.71853454420707
PSO-Energy,80,13,38.26879458207415
PSO-Energy,80,14,39.24103613710561
PSO-Energy,80,15,36.205456854265144
PSO-Energy,80,16,37.63062472537608
PSO-Energy,80,17,36.04276550147873
PSO-Energy,80,18,36.05917884772012
PSO-Energy,80,19,36.02689452960234
PSO-Energy,80,20,39.757399982356326
PSO-Energy,80,21,39.37224103088659
PSO-Energy,80,22,38.00501551573086
PSO-Energy,80,23,36.06472434208185
PSO-Energy,80,24,36.958184854026854
PSO-Energy,80,25,35.175372555705636
PSO-Energy,80,26,33.96516902062176
PSO-Energy,80,27,38.26374775883245
PSO-Energy,80,28,38.00538990222962
PSO-Energy,80,29,37.07774848602689
PSO-Energy,120,0,42.46335594438799
PSO-Energy,120,1,42.43106583735331
PSO-Energy,120,2,42.57463450700665
PSO-Energy,120,3,40.98200983639491
PSO-Energy,120,4,42.17164824376361
PSO-Energy,120,5,42.713852576135665
PSO-Energy,120,6,44.32255532972112
PSO-Energy,120,7,40.01820891922556
PSO-Energy,120,8,43.38782195884391
PSO-Energy,120,9,43.9028156380009
PSO-Energy,120,10,43.15827250734865
PSO-Energy,120,11,40.366203590432704
PSO-Energy,120,12,41.39988444807347
PSO-Energy,120,13,44.086513112593344
PSO-Energy,120,14,41.45612391107493
PSO-Energy,120,15,41.724634724959486
PSO-Energy,120,16,41.4920545165671
PSO-Energy,120,17,42.478803943169694
PSO-Energy,120,18,41.223211078433465
PSO-Energy,120,19,42.40196915822145
PSO-Energy,120,20,43.12877568880746
PSO-Energy,120,21,43.52303718217864
PSO-Energy,120,22,43.9801551660586
PSO-Energy,120,23,43.279115467482825
PSO-Energy,120,24,41.78773809056773
PSO-Energy,120,25,44.55710166483485
PSO-Energy,120,26,44.022808024083886
PSO-Energy,120,27,44.01940258845605
PSO-Energy,120,28,41.77330965438092
PSO-Energy,120,29,40.709744741937286
PSO-Energy,160,0,50.473383982059374
PSO-Energy,160,1,49.49029098867067
PSO-Energy,160,2,53.3262312668687
PSO-Energy,160,3,47.236024818987325
PSO-Energy,160,4,49.96473352665138
PSO-Energy,160,5,51.038712799481935
PSO-Energy,160,6,48.92277634006014
PSO-Energy,160,7,53.14038568364403
PSO-Energy,160,8,52.240165584241915
PSO-Energy,160,9,51.36286234519357
PSO-Energy,160,10,53.7501762858238
PSO-Energy,160,11,51.46932708133869
PSO-Energy,160,12,51.243139346039115
PSO-Energy,160,13,50.3694780988736
PSO-Energy,160,14,52.193591006135485
PSO-Energy,160,15,51.01105465696411
PSO-Energy,160,16,48.771154428627156
PSO-Energy,160,17,50.4052972054971
PSO-Energy,160,18,51.76211963839268
PSO-Energy,160,19,51.45084672488501
PSO-Energy,160,20,51.974302488263696
PSO-Energy,160,21,51.27129660301278
PSO-Energy,160,22,51.580710884123086
PSO-Energy,160,23,49.195108391473795
PSO-Energy,160,24,52.202865846017
PSO-Energy,160,25,51.42110841796572
PSO-Energy,160,26,50.4387597157448
PSO-Energy,160,27,50.875102873546425
PSO-Energy,160,28,52.30014082032068
PSO-Energy,160,29,50.70360425097818
GWO-WBAN,5,0,32.26137381190217
GWO-WBAN,5,1,30.77978060283298
GWO-WBAN,5,2,32.86355498806699
GWO-WBAN,5,3,31.342936037915194
GWO-WBAN,5,4,33.92735187756005
GWO-WBAN,5,5,30.80145672346806
GWO-WBAN,5,6,33.3609243716641
GWO-WBAN,5,7,36.29537956508942
GWO-WBAN,5,8,31.208553055650867
GWO-WBAN,5,9,34.29962504738761
GWO-WBAN,5,10,33.532090085603606
GWO-WBAN,5,11,32.84801276985815
GWO-WBAN,5,12,35.944473121848404
GWO-WBAN,5,13,33.67081766330799
GWO-WBAN,5,14,32.35938069443911
GWO-WBAN,5,15,30.69658404935448
GWO-WBAN,5,16,32.180206733250316
GWO-WBAN,5,17,32.34919059746614
GWO-WBAN,5,18,32.95193680538568
GWO-WBAN,5,19,35.510435108350585
GWO-WBAN,5,20,32.14932724304454
GWO-WBAN,5,21,31.488156802222534
GWO-WBAN,5,22,31.180904122312114
GWO-WBAN,5,23,32.95427288097689
GWO-WBAN,5,24,31.450672164810697
GWO-WBAN,5,25,32.986960307504276
GWO-WBAN,5,26,32.118943983245195
GWO-WBAN,5,27,32.94556160770965
GWO-WBAN,5,28,31.09929864301365
GWO-WBAN,5,29,30.159648820579463
GWO-WBAN,10,0,34.4132153619232
GWO-WBAN,10,1,32.309021776178014
GWO-WBAN,10,2,33.18218338161561
GWO-WBAN,10,3,30.83741248723885
GWO-WBAN,10,4,33.958336258129805
GWO-WBAN,10,5,33.02516763376943
GWO-WBAN,10,6,31.416234924932667
GWO-WBAN,10,7,33.87219645728607
GWO-WBAN,10,8,32.326478219753795
GWO-WBAN,10,9,30.88194331111464
GWO-WBAN,10,10,33.570932150659885
GWO-WBAN,10,11,31.37639931878374
GWO-WBAN,10,12,33.90591600001048
GWO-WBAN,10,13,32.61838085314404
GWO-WBAN,10,14,32.6089246312049
GWO-WBAN,10,15,30.626677561077184
GWO-WBAN,10,16,33.37681413633777
GWO-WBAN,10,17,32.415824344392284
GWO-WBAN,10,18,32.25253055672451
GWO-WBAN,10,19,31.368793827504543
GWO-WBAN,10,20,32.215295614512975
GWO-WBAN,10,21,32.79064057163758
GWO-WBAN,10,22,34.516999746320145
GWO-WBAN,10,23,34.19101139829058
GWO-WBAN,10,24,32.17575344452641
GWO-WBAN,10,25,32.26236360658675
GWO-WBAN,10,26,33.95572096480244
GWO-WBAN,10,27,33.111240606646724
GWO-WBAN,10,28,34.229512387712525
GWO-WBAN,10,29,32.47336589733771
GWO-WBAN,20,0,34.02431027124945
GWO-WBAN,20,1,31.973509918864977
GWO-WBAN,20,2,32.62431931271804
GWO-WBAN,20,3,30.963521600940293
GWO-WBAN,20,4,33.051218323671065
GWO-WBAN,20,5,31.367069052037774
GWO-WBAN,20,6,31.57177071619447
GWO-WBAN,20,7,33.01511218631494
GWO-WBAN,20,8,31.545189810101267
GWO-WBAN,20,9,31.990901447789682
GWO-WBAN,20,10,31.111466830338667
GWO-WBAN,20,11,30.574140085516323
GWO-WBAN,20,12,32.49612056028167
GWO-WBAN,20,13,33.828302821695985
GWO-WBAN,20,14,30.022415043435014
GWO-WBAN,20,15,33.36420167514933
GWO-WBAN,20,16,34.45617729292032
GWO-WBAN,20,17,32.72661055011346
GWO-WBAN,20,18,34.405857099652344
GWO-WBAN,20,19,32.302185544896396
GWO-WBAN,20,20,33.92771825853506
GWO-WBAN,20,21,35.38663835201878
GWO-WBAN,20,22,33.32409358788589
GWO-WBAN,20,23,33.24470523369265
GWO-WBAN,20,24,34.11708013037399
GWO-WBAN,20,25,32.049795760858395
GWO-WBAN,20,26,31.933163141017907
GWO-WBAN,20,27,31.079795321121647
GWO-WBAN,20,28,31.857768912014535
GWO-WBAN,20,29,33.933785663669596
GWO-WBAN,40,0,32.14843225342074
GWO-WBAN,40,1,33.756183901900435
GWO-WBAN,40,2,30.929780593458627
GWO-WBAN,40,3,30.38308176402154
GWO-WBAN,40,4,32.32371610310234
GWO-WBAN,40,5,33.667962305381565
GWO-WBAN,40,6,30.54537564111846
GWO-WBAN,40,7,32.42073374769308
GWO-WBAN,40,8,33.96913921281271
GWO-WBAN,40,9,32.93509456177612
GWO-WBAN,40,10,31.55523230930781
GWO-WBAN,40,11,36.80963252539849
GWO-WBAN,40,12,32.87087163390058
GWO-WBAN,40,13,32.324226849479935
GWO-WBAN,40,14,32.51034281036681
GWO-WBAN,40,15,31.58896185259471
GWO-WBAN,40,16,33.28013014333026
GWO-WBAN,40,17,28.321963390102834
GWO-WBAN,40,18,32.852132514812006
GWO-WBAN,40,19,34.35260198058971
GWO-WBAN,40,20,32.077277315858346
GWO-WBAN,40,21,33.27167418538096
GWO-WBAN,40,22,32.4373362857135
GWO-WBAN,40,23,29.2057160383431
GWO-WBAN,40,24,30.039276578685893
GWO-WBAN,40,25,33.62136082324733
GWO-WBAN,40,26,34.09417785364896
GWO-WBAN,40,27,32.11401294641897
GWO-WBAN,40,28,32.562703673394395
GWO-WBAN,40,29,32.887657359893204
GWO-WBAN,80,0,39.040371918146946
GWO-WBAN,80,1,37.58633553629564
GWO-WBAN,80,2,39.913080314240545
GWO-WBAN,80,3,38.444823139086516
GWO-WBAN,80,4,38.802633256698165
GWO-WBAN,80,5,35.10828891674463
GWO-WBAN,80,6,35.15503164153509
GWO-WBAN,80,7,37.67037046062623
GWO-WBAN,80,8,35.67691027583882
GWO-WBAN,80,9,38.443504956447185
GWO-WBAN,80,10,38.04933448722925
GWO-WBAN,80,11,41.76362025611378
GWO-WBAN,80,12,35.70676432095297
GWO-WBAN,80,13,41.381843345443414
GWO-WBAN,80,14,38.20595975112191
GWO-WBAN,80,15,38.129580619698196
GWO-WBAN,80,16,37.66605241580967
GWO-WBAN,80,17,39.6833204651777
GWO-WBAN,80,18,38.13471732226301
GWO-WBAN,80,19,37.023162047131386
GWO-WBAN,80,20,38.9244710620109
GWO-WBAN,80,21,37.11199754419741
GWO-WBAN,80,22,36.04033931403644
GWO-WBAN,80,23,37.289032708618514
GWO-WBAN,80,24,36.79619503876711
GWO-WBAN,80,25,39.584440023253215
GWO-WBAN,80,26,38.690873484686946
GWO-WBAN,80,27,37.83794695541374
GWO-WBAN,80,28,38.75622748610747
GWO-WBAN,80,29,38.74698102038842
GWO-WBAN,120,0,44.1837047720261
GWO-WBAN,120,1,43.721778193101684
GWO-WBAN,120,2,41.256310128997455
GWO-WBAN,120,3,44.292319911162345
GWO-WBAN,120,4,43.92434292547016
GWO-WBAN,120,5,44.784562345085455
GWO-WBAN,120,6,44.888540795578095
GWO-WBAN,120,7,43.93457585479797
GWO-WBAN,120,8,45.13308686613593
GWO-WBAN,120,9,46.284050022202834
GWO-WBAN,120,10,45.36250098904996
GWO-WBAN,120,11,44.6916086598161
GWO-WBAN,120,12,44.43565002789572
GWO-WBAN,120,13,42.166054923755304
GWO-WBAN,120,14,43.301499476867995
GWO-WBAN,120,15,44.388067042742186
GWO-WBAN,120,16,44.613087020476044
GWO-WBAN,120,17,44.20750995836546
GWO-WBAN,120,18,44.61197238153474
GWO-WBAN,120,19,43.78692158452911
GWO-WBAN,120,20,45.69327708732442
GWO-WBAN,120,21,38.95421330445127
GWO-WBAN,120,22,41.2596249490382
GWO-WBAN,120,23,44.81357922780709
GWO-WBAN,120,24,44.32509972702481
GWO-WBAN,120,25,44.85359830137555
GWO-WBAN,120,26,39.35282663635065
GWO-WBAN,120,27,44.4860026469466
GWO-WBAN,120,28,46.33046460823779
GWO-WBAN,120,29,44.127003377406844
GWO-WBAN,160,0,53.219732903840296
GWO-WBAN,160,1,51.68562922534219
GWO-WBAN,160,2,54.23569797588564
GWO-WBAN,160,3,54.87484723138524
GWO-WBAN,160,4,53.57364295918164
GWO-WBAN,160,5,52.22530651031162
GWO-WBAN,160,6,51.0195817186903
GWO-WBAN,160,7,54.175961193811645
GWO-WBAN,160,8,52.66787614764039
GWO-WBAN,160,9,52.7436913862731
GWO-WBAN,160,10,53.20561749261113
GWO-WBAN,160,11,51.89883283658833
GWO-WBAN,160,12,49.77978990862499
GWO-WBAN,160,13,53.59816214792986
GWO-WBAN,160,14,52.19715388504442
GWO-WBAN,160,15,52.97101413151628
GWO-WBAN,160,16,52.610328528646235
GWO-WBAN,160,17,54.56841695109731
GWO-WBAN,160,18,50.72749107277682
GWO-WBAN,160,19,52.43539399544746
GWO-WBAN,160,20,52.439778015418355
GWO-WBAN,160,21,52.431249160334545
GWO-WBAN,160,22,52.95778907564817
GWO-WBAN,160,23,51.487777791554215
GWO-WBAN,160,24,51.80805563574688
GWO-WBAN,160,25,51.355517705209344
GWO-WBAN,160,26,54.09008761154639
GWO-WBAN,160,27,54.860104726461856
GWO-WBAN,160,28,51.94560801500381
GWO-WBAN,160,29,54.46259701224032
ACO-WBAN,5,0,31.576061186027292
ACO-WBAN,5,1,31.91505755086831
ACO-WBAN,5,2,32.93489798869976
ACO-WBAN,5,3,35.88717243184553
ACO-WBAN,5,4,34.763904948767454
ACO-WBAN,5,5,31.242200376220776
ACO-WBAN,5,6,33.830898579865746
ACO-WBAN,5,7,33.564376698285265
ACO-WBAN,5,8,34.105291278215525
ACO-WBAN,5,9,34.28950887194858
ACO-WBAN,5,10,32.73715750749699
ACO-WBAN,5,11,31.9729709270834
ACO-WBAN,5,12,30.85826490082869
ACO-WBAN,5,13,34.55525307962948
ACO-WBAN,5,14,31.68521749771433
ACO-WBAN,5,15,34.50915707886285
ACO-WBAN,5,16,33.40544629806693
ACO-WBAN,5,17,34.76181898396362
ACO-WBAN,5,18,33.337239350939186
ACO-WBAN,5,19,35.36384492429753
ACO-WBAN,5,20,31.905418984499494
ACO-WBAN,5,21,34.33577024384778
ACO-WBAN,5,22,34.380482344725
ACO-WBAN,5,23,30.834604750727472
ACO-WBAN,5,24,34.46782840055877
ACO-WBAN,5,25,31.852319672006143
ACO-WBAN,5,26,32.35116506005515
ACO-WBAN,5,27,32.66258190373674
ACO-WBAN,5,28,32.92612383786399
ACO-WBAN,5,29,34.3023675581318
ACO-WBAN,10,0,35.529971793899236
ACO-WBAN,10,1,32.647719480611045
ACO-WBAN,10,2,31.36846531575506
ACO-WBAN,10,3,34.55421899768992
ACO-WBAN,10,4,36.32437893847021
ACO-WBAN,10,5,33.65078925647184
ACO-WBAN,10,6,33.877834955665804
ACO-WBAN,10,7,35.18231941301304
ACO-WBAN,10,8,30.320346389723596
ACO-WBAN,10,9,31.622527465912697
ACO-WBAN,10,10,33.62920046822625
ACO-WBAN,10,11,34.25215491955396
ACO-WBAN,10,12,32.846456817429186
ACO-WBAN,10,13,30.827159981301328
ACO-WBAN,10,14,32.63176096507224
ACO-WBAN,10,15,34.60523854730614
ACO-WBAN,10,16,36.0064868631942
ACO-WBAN,10,17,35.57400799593864
ACO-WBAN,10,18,35.00517799606429
ACO-WBAN,10,19,33.87154694941039
ACO-WBAN,10,20,31.97275543077841
ACO-WBAN,10,21,35.78597116851661
ACO-WBAN,10,22,36.28566877416653
ACO-WBAN,10,23,34.17482689238917
ACO-WBAN,10,24,35.687733339793844
ACO-WBAN,10,25,33.50115222723218
ACO-WBAN,10,26,34.286849153065354
ACO-WBAN,10,27,33.89057906225594
ACO-WBAN,10,28,31.83005897738767
ACO-WBAN,10,29,32.5014775993311
ACO-WBAN,20,0,34.986569367772844
ACO-WBAN,20,1,33.90869968064951
ACO-WBAN,20,2,31.690832250395083
ACO-WBAN,20,3,33.136024013001105
ACO-WBAN,20,4,34.558165953549675
ACO-WBAN,20,5,33.846774079009755
ACO-WBAN,20,6,35.16416287912512
ACO-WBAN,20,7,32.653791624262425
ACO-WBAN,20,8,34.349320705193485
ACO-WBAN,20,9,35.751257454530226
ACO-WBAN,20,10,36.51820051556887
ACO-WBAN,20,11,31.631733973539397
ACO-WBAN,20,12,34.10247955969027
ACO-WBAN,20,13,36.518151071657506
ACO-WBAN,20,14,33.83910034767421
ACO-WBAN,20,15,32.35347875318282
ACO-WBAN,20,16,31.865946570267937
ACO-WBAN,20,17,33.372987040531456
ACO-WBAN,20,18,35.074722459905665
ACO-WBAN,20,19,33.5013972862653
ACO-WBAN,20,20,30.00032389228643
ACO-WBAN,20,21,31.54363441191653
ACO-WBAN,20,22,33.60307660353918
ACO-WBAN,20,23,35.35194746016827
ACO-WBAN,20,24,32.703639659822144
ACO-WBAN,20,25,34.148990397102864
ACO-WBAN,20,26,33.42452827768599
ACO-WBAN,20,27,33.27371344209792
ACO-WBAN,20,28,32.022617238388506
ACO-WBAN,20,29,34.19573087472111
ACO-WBAN,40,0,33.55906924668266
ACO-WBAN,40,1,33.566478811824666
ACO-WBAN,40,2,31.720152184360447
ACO-WBAN,40,3,34.188746856889466
ACO-WBAN,40,4,34.84386529829972
ACO-WBAN,40,5,32.62403591364119
ACO-WBAN,40,6,29.30118621703162
ACO-WBAN,40,7,34.625833516838036
ACO-WBAN,40,8,33.48149095801205
ACO-WBAN,40,9,35.11924005630085
ACO-WBAN,40,10,29.34636362546823
ACO-WBAN,40,11,36.31627790376664
ACO-WBAN,40,12,33.38165050398358
ACO-WBAN,40,13,38.10397209932525
ACO-WBAN,40,14,31.60407741934812
ACO-WBAN,40,15,34.50805226022444
ACO-WBAN,40,16,34.48065756192842
ACO-WBAN,40,17,31.516226448342884
ACO-WBAN,40,18,33.02469128309798
ACO-WBAN,40,19,32.01891580021521
ACO-WBAN,40,20,30.43500342721724
ACO-WBAN,40,21,33.67280675582778
ACO-WBAN,40,22,34.73987333526717
ACO-WBAN,40,23,31.638971180276307
ACO-WBAN,40,24,32.6610257626755
ACO-WBAN,40,25,34.19217778158521
ACO-WBAN,40,26,35.04027009560415
ACO-WBAN,40,27,32.34918458655804
ACO-WBAN,40,28,33.4496383996179
ACO-WBAN,40,29,34.08605439543042
ACO-WBAN,80,0,40.127655238040724
ACO-WBAN,80,1,39.51191875735411
ACO-WBAN,80,2,36.32620926213036
ACO-WBAN,80,3,39.49797463245774
ACO-WBAN,80,4,38.30009186535064
ACO-WBAN,80,5,37.654431062441596
ACO-WBAN,80,6,36.38970861184481
ACO-WBAN,80,7,38.979008334515825
ACO-WBAN,80,8,39.793244537527784
ACO-WBAN,80,9,39.85205148732941
ACO-WBAN,80,10,38.37783373635133
ACO-WBAN,80,11,43.19838731572254
ACO-WBAN,80,12,40.220175950712736
ACO-WBAN,80,13,38.93806490683213
ACO-WBAN,80,14,35.38216499788143
ACO-WBAN,80,15,39.27566545535209
ACO-WBAN,80,16,37.9490189765378
ACO-WBAN,80,17,37.8432722618135
ACO-WBAN,80,18,39.65006362914435
ACO-WBAN,80,19,39.20189998033458
ACO-WBAN,80,20,41.00815809445777
ACO-WBAN,80,21,38.839196514740244
ACO-WBAN,80,22,41.65034042268881
ACO-WBAN,80,23,38.06633328128695
ACO-WBAN,80,24,38.18948004531366
ACO-WBAN,80,25,38.58797270897106
ACO-WBAN,80,26,37.97988856629578
ACO-WBAN,80,27,37.34187636103064
ACO-WBAN,80,28,36.59621981839227
ACO-WBAN,80,29,37.88983995481976
ACO-WBAN,120,0,47.49112758075814
ACO-WBAN,120,1,47.017858949215835
ACO-WBAN,120,2,47.04365648941833
ACO-WBAN,120,3,43.9593113618499
ACO-WBAN,120,4,46.07941168490678
ACO-WBAN,120,5,44.28343487253378
ACO-WBAN,120,6,44.37837073496375
ACO-WBAN,120,7,47.292366287053525
ACO-WBAN,120,8,43.35482338629272
ACO-WBAN,120,9,48.970439297146214
ACO-WBAN,120,10,46.69006789675013
ACO-WBAN,120,11,47.82354097218737
ACO-WBAN,120,12,44.85104083348862
ACO-WBAN,120,13,44.865772383698015
ACO-WBAN,120,14,43.35720713657101
ACO-WBAN,120,15,45.035404270959276
ACO-WBAN,120,16,47.52712722359146
ACO-WBAN,120,17,43.94448429701383
ACO-WBAN,120,18,44.50521980982265
ACO-WBAN,120,19,43.99446622163918
ACO-WBAN,120,20,45.41326847719611
ACO-WBAN,120,21,47.15201276473417
ACO-WBAN,120,22,48.02616944128101
ACO-WBAN,120,23,45.48141797885724
ACO-WBAN,120,24,43.6045373433972
ACO-WBAN,120,25,42.463767289594095
ACO-WBAN,120,26,46.100594196320216
ACO-WBAN,120,27,44.74732473719853
ACO-WBAN,120,28,44.930601509983276
ACO-WBAN,120,29,45.83921898749388
ACO-WBAN,160,0,55.24799650499384
ACO-WBAN,160,1,55.91683146291449
ACO-WBAN,160,2,55.740263120674236
ACO-WBAN,160,3,53.81969464330341
ACO-WBAN,160,4,55.89635145197533
ACO-WBAN,160,5,54.334327769469894
ACO-WBAN,160,6,54.09988956218606
ACO-WBAN,160,7,57.672422763196714
ACO-WBAN,160,8,56.85146721346238
ACO-WBAN,160,9,54.03699100161255
ACO-WBAN,160,10,55.21077005924384
ACO-WBAN,160,11,54.18264680840953
ACO-WBAN,160,12,53.97651773586129
ACO-WBAN,160,13,54.346998772465604
ACO-WBAN,160,14,54.48623884866935
ACO-WBAN,160,15,52.300695988030434
ACO-WBAN,160,16,52.42534122754955
ACO-WBAN,160,17,55.31198675769347
ACO-WBAN,160,18,54.1286336687397
ACO-WBAN,160,19,57.50390184185099
ACO-WBAN,160,20,55.929177529325955
ACO-WBAN,160,21,53.247966699529016
ACO-WBAN,160,22,53.873784567632924
ACO-WBAN,160,23,53.5946218550681
ACO-WBAN,160,24,53.10142729320116
ACO-WBAN,160,25,54.923454838582515
ACO-WBAN,160,26,55.12047873573307
ACO-WBAN,160,27,57.02113203119409
ACO-WBAN,160,28,55.05734226497403
ACO-WBAN,160,29,55.30531918609522
M-ATTEMPT,5,0,39.115810229149325
M-ATTEMPT,5,1,40.095471163958706
M-ATTEMPT,5,2,42.29600650487076
M-ATTEMPT,5,3,39.78213249926962
M-ATTEMPT,5,4,37.186175720605526
M-ATTEMPT,5,5,39.185206499474596
M-ATTEMPT,5,6,38.452419389440145
M-ATTEMPT,5,7,39.21350763730421
M-ATTEMPT,5,8,38.50514817158011
M-ATTEMPT,5,9,38.89363153792923
M-ATTEMPT,5,10,36.32394049259059
M-ATTEMPT,5,11,37.40661897043688
M-ATTEMPT,5,12,41.734446852788196
M-ATTEMPT,5,13,38.369487020966474
M-ATTEMPT,5,14,40.09194710120446
M-ATTEMPT,5,15,41.49533604450106
M-ATTEMPT,5,16,41.266909294533384
M-ATTEMPT,5,17,36.634375899258714
M-ATTEMPT,5,18,37.52524558816025
M-ATTEMPT,5,19,37.57721982208553
M-ATTEMPT,5,20,40.70292440332632
M-ATTEMPT,5,21,38.78137330629791
M-ATTEMPT,5,22,40.01202259471227
M-ATTEMPT,5,23,37.89191534185835
M-ATTEMPT,5,24,37.59006390165591
M-ATTEMPT,5,25,38.49262943066586
M-ATTEMPT,5,26,38.31645980340749
M-ATTEMPT,5,27,36.351387651927986
M-ATTEMPT,5,28,40.12336642959137
M-ATTEMPT,5,29,40.11769036999403
M-ATTEMPT,10,0,38.5557619207441
M-ATTEMPT,10,1,37.02399330131559
M-ATTEMPT,10,2,39.7094972175032
M-ATTEMPT,10,3,39.38543266056991
M-ATTEMPT,10,4,39.080433846597636
M-ATTEMPT,10,5,40.8241798225981
M-ATTEMPT,10,6,42.20564236497436
M-ATTEMPT,10,7,37.8180662719742
M-ATTEMPT,10,8,40.92743991867297
M-ATTEMPT,10,9,38.3551507486798
M-ATTEMPT,10,10,39.256950266256595
M-ATTEMPT,10,11,41.04661542338336
M-ATTEMPT,10,12,38.10190822007323
M-ATTEMPT,10,13,40.78997225087639
M-ATTEMPT,10,14,39.475492644508975
M-ATTEMPT,10,15,38.8798167745135
M-ATTEMPT,10,16,36.76434018213115
M-ATTEMPT,10,17,41.69780471840454
M-ATTEMPT,10,18,40.7265123179541
M-ATTEMPT,10,19,38.860782703661435
M-ATTEMPT,10,20,42.46939398133755
M-ATTEMPT,10,21,39.73923666952088
M-ATTEMPT,10,22,39.63486707999558
M-ATTEMPT,10,23,39.67911706177802
M-ATTEMPT,10,24,40.333348298560686
M-ATTEMPT,10,25,41.6356692889647
M-ATTEMPT,10,26,40.18066302698655
M-ATTEMPT,10,27,38.06123656671101
M-ATTEMPT,10,28,39.0448585917913
M-ATTEMPT,10,29,40.503013278424824
M-ATTEMPT,20,0,39.91079480751224
M-ATTEMPT,20,1,41.111499146948276
M-ATTEMPT,20,2,35.815908664581436
M-ATTEMPT,20,3,37.653845277073195
M-ATTEMPT,20,4,40.73185189490164
M-ATTEMPT,20,5,39.79793891023502
M-ATTEMPT,20,6,42.42190766163438
M-ATTEMPT,20,7,36.98700052469436
M-ATTEMPT,20,8,40.5880123302435
M-ATTEMPT,20,9,37.81553341881078
M-ATTEMPT,20,10,40.8230287521267
M-ATTEMPT,20,11,40.38748714000349
M-ATTEMPT,20,12,37.45094122208571
M-ATTEMPT,20,13,38.994999565557904
M-ATTEMPT,20,14,37.74818476414704
M-ATTEMPT,20,15,38.45924120336034
M-ATTEMPT,20,16,37.30982748423806
M-ATTEMPT,20,17,38.74814970844842
M-ATTEMPT,20,18,36.305586430779876
M-ATTEMPT,20,19,39.910690727372135
M-ATTEMPT,20,20,37.46458999721808
M-ATTEMPT,20,21,35.99767891251691
M-ATTEMPT,20,22,39.06950587568069
M-ATTEMPT,20,23,39.61773125494342
M-ATTEMPT,20,24,40.13193874062951
M-ATTEMPT,20,25,39.41585049194546
M-ATTEMPT,20,26,38.89417315397747
M-ATTEMPT,20,27,38.69435604718042
M-ATTEMPT,20,28,39.04314484577812
M-ATTEMPT,20,29,37.991031567029935
M-ATTEMPT,40,0,37.66105031508156
M-ATTEMPT,40,1,36.66563966266522
M-ATTEMPT,40,2,36.5705850966528
M-ATTEMPT,40,3,38.27114592401407
M-ATTEMPT,40,4,38.309807779986166
M-ATTEMPT,40,5,40.02770617119085
M-ATTEMPT,40,6,39.67527263855223
M-ATTEMPT,40,7,37.8577405730807
M-ATTEMPT,40,8,40.36933476166939
M-ATTEMPT,40,9,38.250115612326056
M-ATTEMPT,40,10,38.970268619225166
M-ATTEMPT,40,11,38.432110518606905
M-ATTEMPT,40,12,38.80893875029422
M-ATTEMPT,40,13,41.4362058802843
M-ATTEMPT,40,14,37.15063714535715
M-ATTEMPT,40,15,38.63551332598177
M-ATTEMPT,40,16,38.691012599034835
M-ATTEMPT,40,17,41.73896127633055
M-ATTEMPT,40,18,40.57759483981556
M-ATTEMPT,40,19,40.21544552180164
M-ATTEMPT,40,20,37.660134354895725
M-ATTEMPT,40,21,37.457568359392354
M-ATTEMPT,40,22,38.765225397786466
M-ATTEMPT,40,23,37.782338550292344
M-ATTEMPT,40,24,38.62193549928064
M-ATTEMPT,40,25,38.78394784777423
M-ATTEMPT,40,26,38.643832491544835
M-ATTEMPT,40,27,37.79700512950311
M-ATTEMPT,40,28,36.160201690269176
M-ATTEMPT,40,29,38.55911773741025
M-ATTEMPT,80,0,43.88446680475067
M-ATTEMPT,80,1,45.12684488454549
M-ATTEMPT,80,2,44.984808582621746
M-ATTEMPT,80,3,44.066000231065225
M-ATTEMPT,80,4,47.783166932823676
M-ATTEMPT,80,5,46.5527799055987
M-ATTEMPT,80,6,44.37410196201519
M-ATTEMPT,80,7,44.31199275615627
M-ATTEMPT,80,8,46.32919477120376
M-ATTEMPT,80,9,42.27061015908948
M-ATTEMPT,80,10,45.5032755441085
M-ATTEMPT,80,11,43.84790454521884
M-ATTEMPT,80,12,44.62236397870424
M-ATTEMPT,80,13,44.28205571278109
M-ATTEMPT,80,14,43.02862197630815
M-ATTEMPT,80,15,46.78531322488343
M-ATTEMPT,80,16,47.597598972208075
M-ATTEMPT,80,17,43.870682881075275
M-ATTEMPT,80,18,45.64648888170773
M-ATTEMPT,80,19,46.59638384194979
M-ATTEMPT,80,20,46.309872700095404
M-ATTEMPT,80,21,45.78332470943504
M-ATTEMPT,80,22,46.4629194785632
M-ATTEMPT,80,23,44.95423953635831
M-ATTEMPT,80,24,44.56201438510698
M-ATTEMPT,80,25,44.01155230730917
M-ATTEMPT,80,26,44.447204598168824
M-ATTEMPT,80,27,45.875792843670695
M-ATTEMPT,80,28,43.22866942359003
M-ATTEMPT,80,29,44.75175149103316
M-ATTEMPT,120,0,52.01892213292357
M-ATTEMPT,120,1,51.81856973229171
M-ATTEMPT,120,2,49.66474634825349
M-ATTEMPT,120,3,51.60769564358305
M-ATTEMPT,120,4,53.03522329111782
M-ATTEMPT,120,5,50.10745983103159
M-ATTEMPT,120,6,52.69757839513789
M-ATTEMPT,120,7,51.667964437998435
M-ATTEMPT,120,8,53.161729801553975
M-ATTEMPT,120,9,52.7589617361537
M-ATTEMPT,120,10,53.85101320217364
M-ATTEMPT,120,11,51.79137133858397
M-ATTEMPT,120,12,50.32433132165563
M-ATTEMPT,120,13,53.117615446282564
M-ATTEMPT,120,14,51.48773697868711
M-ATTEMPT,120,15,49.54499769127764
M-ATTEMPT,120,16,52.489602279894044
M-ATTEMPT,120,17,50.53216917667439
M-ATTEMPT,120,18,52.951758647076176
M-ATTEMPT,120,19,51.66038240015301
M-ATTEMPT,120,20,49.126358941757424
M-ATTEMPT,120,21,54.928571270428456
M-ATTEMPT,120,22,53.667489043817646
M-ATTEMPT,120,23,53.19757488246007
M-ATTEMPT,120,24,55.26303517201881
M-ATTEMPT,120,25,50.9580691847989
M-ATTEMPT,120,26,53.38819732532507
M-ATTEMPT,120,27,51.292291567060694
M-ATTEMPT,120,28,51.32278791245881
M-ATTEMPT,120,29,52.091599264882696
M-ATTEMPT,160,0,60.97917060738608
M-ATTEMPT,160,1,61.89575377492016
M-ATTEMPT,160,2,63.46627313905792
M-ATTEMPT,160,3,62.65476137898245
M-ATTEMPT,160,4,59.2234952259282
M-ATTEMPT,160,5,63.30936422758029
M-ATTEMPT,160,6,62.8857801272681
M-ATTEMPT,160,7,63.310247089797215
M-ATTEMPT,160,8,62.260837216647374
M-ATTEMPT,160,9,63.39628343085284
M-ATTEMPT,160,10,62.02107135813111
M-ATTEMPT,160,11,64.16667445904143
M-ATTEMPT,160,12,59.62687277079007
M-ATTEMPT,160,13,60.43306989962068
M-ATTEMPT,160,14,60.261553234654414
M-ATTEMPT,160,15,61.2726852283899
M-ATTEMPT,160,16,63.113912584489
M-ATTEMPT,160,17,62.407123044101525
M-ATTEMPT,160,18,62.42480461100253
M-ATTEMPT,160,19,62.02617388522055
M-ATTEMPT,160,20,63.02559707487968
M-ATTEMPT,160,21,61.95931427055009
M-ATTEMPT,160,22,60.6605420109329
M-ATTEMPT,160,23,62.68844140815829
M-ATTEMPT,160,24,60.24603506884788
M-ATTEMPT,160,25,61.3613982561651
M-ATTEMPT,160,26,61.130841809950276
M-ATTEMPT,160,27,64.80558808167862
M-ATTEMPT,160,28,62.15419722979096
M-ATTEMPT,160,29,63.18846880419804
AODV,5,0,43.4440125622105
AODV,5,1,44.616296547729775
AODV,5,2,44.33941848205206
AODV,5,3,44.16940954687454
AODV,5,4,45.608079010382376
AODV,5,5,46.170990378998894
AODV,5,6,42.8800974450151
AODV,5,7,44.352334864036564
AODV,5,8,45.69150070336863
AODV,5,9,44.007972167267425
AODV,5,10,45.75051262255526
AODV,5,11,43.9572989925862
AODV,5,12,43.31570537977252
AODV,5,13,42.83936905889367
AODV,5,14,43.95529253797437
AODV,5,15,41.940972060062315
AODV,5,16,44.98637241353309
AODV,5,17,42.61303833417535
AODV,5,18,45.932212874590114
AODV,5,19,44.90285088238603
AODV,5,20,42.70665460135227
AODV,5,21,42.88493977606487
AODV,5,22,46.40565852299208
AODV,5,23,45.05941660848307
AODV,5,24,43.40977288002339
AODV,5,25,40.930407173665756
AODV,5,26,44.960856845996055
AODV,5,27,45.233186953480065
AODV,5,28,45.12034203604105
AODV,5,29,43.29127342099285
AODV,10,0,44.64268521034028
AODV,10,1,42.7734496192727
AODV,10,2,42.61653198954107
AODV,10,3,43.89068105564909
AODV,10,4,42.17791957838614
AODV,10,5,40.869564719818214
AODV,10,6,42.57960359464946
AODV,10,7,42.840661399472935
AODV,10,8,43.62851315631915
AODV,10,9,43.692295402181315
AODV,10,10,44.13999332451452
AODV,10,11,41.05372179067053
AODV,10,12,44.73197361058721
AODV,10,13,45.363179287418994
AODV,10,14,44.53610465041528
AODV,10,15,45.39198157988564
AODV,10,16,43.76457985957486
AODV,10,17,45.85965527888192
AODV,10,18,46.669233448832095
AODV,10,19,46.17907345674263
AODV,10,20,46.21972769692509
AODV,10,21,43.787997395635614
AODV,10,22,44.5039118630579
AODV,10,23,42.504953491870346
AODV,10,24,39.88217199112124
AODV,10,25,42.33752529295221
AODV,10,26,43.81615214960651
AODV,10,27,42.41284584231831
AODV,10,28,44.68624983626314
AODV,10,29,45.87543842533936
AODV,20,0,46.24471759976231
AODV,20,1,44.82524783361373
AODV,20,2,43.74644963868429
AODV,20,3,43.40764094422777
AODV,20,4,43.32988554992148
AODV,20,5,44.575147165586166
AODV,20,6,41.883973351640236
AODV,20,7,43.757569933716745
AODV,20,8,44.0439825773144
AODV,20,9,42.83271034984705
AODV,20,10,43.59706261856879
AODV,20,11,43.582777138815146
AODV,20,12,44.10335906853721
AODV,20,13,43.735614997001406
AODV,20,14,43.255997938594724
AODV,20,15,39.93893640039486
AODV,20,16,45.61749794427914
AODV,20,17,41.17947632096842
AODV,20,18,43.80312682425631
AODV,20,19,46.907732937363306
AODV,20,20,45.88111653857973
AODV,20,21,44.86265030375996
AODV,20,22,42.816158166637834
AODV,20,23,44.37742007855757
AODV,20,24,44.51581829136138
AODV,20,25,41.84014845554385
AODV,20,26,44.96133700274671
AODV,20,27,43.839914447953625
AODV,20,28,43.44447483010828
AODV,20,29,47.38612045032431
AODV,40,0,42.718728485707636
AODV,40,1,45.18145504537873
AODV,40,2,43.69504234961237
AODV,40,3,46.598376147027864
AODV,40,4,42.496974034499104
AODV,40,5,44.32579360202303
AODV,40,6,42.735944199023805
AODV,40,7,44.95114190192253
AODV,40,8,44.49518424477819
AODV,40,9,43.31244664065292
AODV,40,10,43.93321420088511
AODV,40,11,43.84893783468523
AODV,40,12,43.197313809634565
AODV,40,13,44.75474851955962
AODV,40,14,45.527596879733345
AODV,40,15,45.81183027694164
AODV,40,16,41.825806041629804
AODV,40,17,45.20265979978046
AODV,40,18,45.12728102011144
AODV,40,19,44.320632738578794
AODV,40,20,44.93411444901227
AODV,40,21,45.68606130645274
AODV,40,22,44.58606612603293
AODV,40,23,44.66380695635204
AODV,40,24,44.28013823497471
AODV,40,25,43.784703950165984
AODV,40,26,45.454421625161615
AODV,40,27,42.82431947387369
AODV,40,28,41.187420137773216
AODV,40,29,41.44884131524496
AODV,80,0,52.19307491406586
AODV,80,1,51.631629896942684
AODV,80,2,51.13430957305796
AODV,80,3,48.90271442473532
AODV,80,4,50.86728980479531
AODV,80,5,51.22045417891569
AODV,80,6,50.865247735220514
AODV,80,7,49.010161057141175
AODV,80,8,49.21801892393319
AODV,80,9,49.67487361783958
AODV,80,10,48.171841560078164
AODV,80,11,49.89209675797908
AODV,80,12,48.237060432636234
AODV,80,13,51.961862416831586
AODV,80,14,51.167155372120654
AODV,80,15,47.45523560569822
AODV,80,16,50.48472865229221
AODV,80,17,48.19725930149016
AODV,80,18,52.46815898309169
AODV,80,19,50.569086381050106
AODV,80,20,52.82801964330736
AODV,80,21,50.99808301103537
AODV,80,22,48.42497533734663
AODV,80,23,51.863362627369646
AODV,80,24,49.7063611782797
AODV,80,25,49.40050000668621
AODV,80,26,49.41731471048712
AODV,80,27,50.860455342220696
AODV,80,28,51.11729157429683
AODV,80,29,52.00379868711259
AODV,120,0,59.220260372961086
AODV,120,1,60.78385028152894
AODV,120,2,57.90787764630172
AODV,120,3,57.24498556510506
AODV,120,4,58.385475897041026
AODV,120,5,57.49064199975622
AODV,120,6,60.01924841226425
AODV,120,7,58.473676635376194
AODV,120,8,58.07171677843601
AODV,120,9,57.688689600220826
AODV,120,10,58.12879456114361
AODV,120,11,57.54162367381082
AODV,120,12,58.7256727576251
AODV,120,13,58.43628404571339
AODV,120,14,59.01484099212039
AODV,120,15,59.17917578377517
AODV,120,16,59.07771926029586
AODV,120,17,58.870122531240675
AODV,120,18,59.26424476345521
AODV,120,19,59.173623768554506
AODV,120,20,55.307622613911164
AODV,120,21,58.00108410680266
AODV,120,22,59.47683469907418
AODV,120,23,57.56238534274253
AODV,120,24,62.13860843707192
AODV,120,25,58.42193294764305
AODV,120,26,60.0919456238921
AODV,120,27,58.0473030360752
AODV,120,28,58.30137040915191
AODV,120,29,60.66120596339519
AODV,160,0,71.62167335690236
AODV,160,1,72.22467414246722
AODV,160,2,70.33674011482172
AODV,160,3,69.26213021842665
AODV,160,4,68.6263459981265
AODV,160,5,70.60395311734966
AODV,160,6,67.5670300699724
AODV,160,7,70.73909170140817
AODV,160,8,69.81399309121336
AODV,160,9,71.05091024112781
AODV,160,10,69.00570166407886
AODV,160,11,67.81185734260518
AODV,160,12,70.81058302623067
AODV,160,13,72.92486414840593
AODV,160,14,70.29312965961999
AODV,160,15,69.49332727608417
AODV,160,16,71.437987808728
AODV,160,17,69.72152561647046
AODV,160,18,72.13437510769988
AODV,160,19,70.30069406128662
AODV,160,20,69.94319305880668
AODV,160,21,71.65640188487767
AODV,160,22,67.45894318779904
AODV,160,23,69.18556466810323
AODV,160,24,71.58189135737771
AODV,160,25,67.11872173990497
AODV,160,26,68.55481457121725
AODV,160,27,71.09006640019813
AODV,160,28,69.45614487500198
AODV,160,29,70.90399213065291
