protocol,velocity_mps,seed_offset,pdr
PhysaRoute,0.0,0,0.9987218898698095
PhysaRoute,0.0,1,0.9795453045151412
PhysaRoute,0.0,2,0.989815474667847
PhysaRoute,0.0,3,0.9820160773833877
PhysaRoute,0.0,4,0.9891091562261074
PhysaRoute,0.0,5,0.9842375225976647
PhysaRoute,0.0,6,0.9994315851938194
PhysaRoute,0.0,7,0.9941179408540863
PhysaRoute,0.0,8,0.9914103817469316
PhysaRoute,0.0,9,0.9838710834369325
PhysaRoute,0.0,10,0.9845091149420536
PhysaRoute,0.0,11,0.9895615989689114
PhysaRoute,0.0,12,0.9795642185628207
PhysaRoute,0.0,13,0.9878977672528152
PhysaRoute,0.0,14,0.9920114281070231
PhysaRoute,0.0,15,0.9997742134051694
PhysaRoute,0.0,16,0.9864760467415346
PhysaRoute,0.0,17,0.9879930096390411
PhysaRoute,0.0,18,0.9908005055699108
PhysaRoute,0.0,19,0.9887574001186571
PhysaRoute,0.0,20,1.0
PhysaRoute,0.0,21,0.9834436566039251
PhysaRoute,0.0,22,0.9955695446829297
PhysaRoute,0.0,23,0.9892562758091394
PhysaRoute,0.0,24,0.9881565713513386
PhysaRoute,0.0,25,0.9808021197396087
PhysaRoute,0.0,26,0.9820318187948625
PhysaRoute,0.0,27,0.9943382779927887
PhysaRoute,0.0,28,0.9781600715435863
PhysaRoute,0.0,29,0.9956828485833791
PhysaRoute,0.5,0,0.9687778069546366
PhysaRoute,0.5,1,0.9680165288568154
PhysaRoute,0.5,2,0.9775608956358169
PhysaRoute,0.5,3,0.9866528924421677
PhysaRoute,0.5,4,0.980045254627808
PhysaRoute,0.5,5,0.977860945996341
PhysaRoute,0.5,6,0.9927031293820412
PhysaRoute,0.5,7,0.9839548654959488
PhysaRoute,0.5,8,0.9746784597871022
PhysaRoute,0.5,9,0.9816034627969616
PhysaRoute,0.5,10,0.9677296274035019
PhysaRoute,0.5,11,0.9791047376932076
PhysaRoute,0.5,12,0.9790710073762074
PhysaRoute,0.5,13,0.9897918642056796
PhysaRoute,0.5,14,0.998923855696723
PhysaRoute,0.5,15,0.9990561776644011
PhysaRoute,0.5,16,0.9779007631356893
PhysaRoute,0.5,17,0.9751372385657112
PhysaRoute,0.5,18,0.9716543762388768
PhysaRoute,0.5,19,0.9773571245198295
PhysaRoute,0.5,20,0.9860203260742024
PhysaRoute,0.5,21,0.9708214362145601
PhysaRoute,0.5,22,0.9731069048388356
PhysaRoute,0.5,23,0.9900411361516251
PhysaRoute,0.5,24,0.9521006178365206
PhysaRoute,0.5,25,0.9803525570868328
PhysaRoute,0.5,26,0.9816996335350016
PhysaRoute,0.5,27,0.9707084823468977
PhysaRoute,0.5,28,0.9880146592522795
PhysaRoute,0.5,29,0.9735158814666891
PhysaRoute,1.0,0,0.9678983646624372
PhysaRoute,1.0,1,0.9692861276965725
PhysaRoute,1.0,2,0.9813893142171605
PhysaRoute,1.0,3,0.9826801926152254
PhysaRoute,1.0,4,0.94460571408821
PhysaRoute,1.0,5,0.9690805191065646
PhysaRoute,1.0,6,0.9846384748022754
PhysaRoute,1.0,7,0.952950518868762
PhysaRoute,1.0,8,0.9664271243681215
PhysaRoute,1.0,9,0.9741562675910789
PhysaRoute,1.0,10,0.9588708880868667
PhysaRoute,1.0,11,0.9600949959464938
PhysaRoute,1.0,12,0.9565074122675148
PhysaRoute,1.0,13,0.9574891283191113
PhysaRoute,1.0,14,0.9720785587220496
PhysaRoute,1.0,15,0.9586424007889337
PhysaRoute,1.0,16,0.9699120096398178
PhysaRoute,1.0,17,0.9524790652385171
PhysaRoute,1.0,18,0.9791165273164861
PhysaRoute,1.0,19,0.9754636058455104
PhysaRoute,1.0,20,0.9667866127327243
PhysaRoute,1.0,21,0.969142430461824
PhysaRoute,1.0,22,0.9644409158938403
PhysaRoute,1.0,23,0.9838050467239111
PhysaRoute,1.0,24,0.9554804003620344
PhysaRoute,1.0,25,0.9764390081148445
PhysaRoute,1.0,26,0.9752832241943219
PhysaRoute,1.0,27,0.9570142680238499
PhysaRoute,1.0,28,0.9685183767492227
PhysaRoute,1.0,29,0.9635986326510264
PhysaRoute,1.5,0,0.9569084490214294
PhysaRoute,1.5,1,0.9729640606823643
PhysaRoute,1.5,2,0.9566568787197788
PhysaRoute,1.5,3,0.9698078685359213
PhysaRoute,1.5,4,0.9679200378294095
PhysaRoute,1.5,5,0.9494548221361913
PhysaRoute,1.5,6,0.9515827436637961
PhysaRoute,1.5,7,0.9496840221186786
PhysaRoute,1.5,8,0.9620396822446086
PhysaRoute,1.5,9,0.9545011606065076
PhysaRoute,1.5,10,0.9683022717717329
PhysaRoute,1.5,11,0.9628172869069459
PhysaRoute,1.5,12,0.9480671665324594
PhysaRoute,1.5,13,0.9610502360912367
PhysaRoute,1.5,14,0.9696441870438259
PhysaRoute,1.5,15,0.9523834302734037
PhysaRoute,1.5,16,0.9608423970339806
PhysaRoute,1.5,17,0.9510008887839991
PhysaRoute,1.5,18,0.9585648535601526
PhysaRoute,1.5,19,0.9488930583317654
PhysaRoute,1.5,20,0.9647792994718405
PhysaRoute,1.5,21,0.9582707721993267
PhysaRoute,1.5,22,0.9658229078106371
PhysaRoute,1.5,23,0.962508879547636
PhysaRoute,1.5,24,0.9593834831492213
PhysaRoute,1.5,25,0.9382108236860768
PhysaRoute,1.5,26,0.9632134712221547
PhysaRoute,1.5,27,0.9647521994384987
PhysaRoute,1.5,28,0.9649955434102473
PhysaRoute,1.5,29,0.9744355250608591
PhysaRoute,2.0,0,0.952417891566171
PhysaRoute,2.0,1,0.9464980655753152
PhysaRoute,2.0,2,0.9310858450371311
PhysaRoute,2.0,3,0.9364019482460891
PhysaRoute,2.0,4,0.954548854407693
PhysaRoute,2.0,5,0.9576003709940476
PhysaRoute,2.0,6,0.9488885517672153
PhysaRoute,2.0,7,0.9440864311657281
PhysaRoute,2.0,8,0.9526690971188467
PhysaRoute,2.0,9,0.9539610967133025
PhysaRoute,2.0,10,0.9552644893245661
PhysaRoute,2.0,11,0.9578092609431883
PhysaRoute,2.0,12,0.9485922824585133
PhysaRoute,2.0,13,0.942863548135095
PhysaRoute,2.0,14,0.9481587853395702
PhysaRoute,2.0,15,0.9593090445330317
PhysaRoute,2.0,16,0.9455891340472856
PhysaRoute,2.0,17,0.9492798663893738
PhysaRoute,2.0,18,0.9415826630179559
PhysaRoute,2.0,19,0.961954405198638
PhysaRoute,2.0,20,0.9588651424058245
PhysaRoute,2.0,21,0.9614622617604751
PhysaRoute,2.0,22,0.9530408669126053
PhysaRoute,2.0,23,0.9373831966383972
PhysaRoute,2.0,24,0.9546021186236548
PhysaRoute,2.0,25,0.9585008828080902
PhysaRoute,2.0,26,0.9455853333773889
PhysaRoute,2.0,27,0.9567518722730394
PhysaRoute,2.0,28,0.9529426718488923
PhysaRoute,2.0,29,0.952495714550246
PhysaRoute,2.5,0,0.9331044391386525
PhysaRoute,2.5,1,0.9241711639034871
PhysaRoute,2.5,2,0.949090029668935
PhysaRoute,2.5,3,0.9395350004218365
PhysaRoute,2.5,4,0.9441466016049392
PhysaRoute,2.5,5,0.9498570624806488
PhysaRoute,2.5,6,0.9341394634662762
PhysaRoute,2.5,7,0.9430775217022604
PhysaRoute,2.5,8,0.9343935790150995
PhysaRoute,2.5,9,0.9502716628439167
PhysaRoute,2.5,10,0.9505603973755409
PhysaRoute,2.5,11,0.9272123733561459
PhysaRoute,2.5,12,0.9375167654479741
PhysaRoute,2.5,13,0.9289178986864621
PhysaRoute,2.5,14,0.940090642103758
PhysaRoute,2.5,15,0.9388941247958181
PhysaRoute,2.5,16,0.9394489080813476
PhysaRoute,2.5,17,0.9529792975162759
PhysaRoute,2.5,18,0.933873713920769
PhysaRoute,2.5,19,0.9311680500938663
PhysaRoute,2.5,20,0.9324934219888111
PhysaRoute,2.5,21,0.929647879965362
PhysaRoute,2.5,22,0.9310396450679301
PhysaRoute,2.5,23,0.943833424018906
PhysaRoute,2.5,24,0.9430547169155902
PhysaRoute,2.5,25,0.9441047374324674
PhysaRoute,2.5,26,0.9404579158384483
PhysaRoute,2.5,27,0.9512279769260795
PhysaRoute,2.5,28,0.9576078040111973
PhysaRoute,2.5,29,0.9393709757996992
PhysaRoute,3.0,0,0.9347522723650304
PhysaRoute,3.0,1,0.9404087569317834
PhysaRoute,3.0,2,0.937577734685728
PhysaRoute,3.0,3,0.9353696481535351
PhysaRoute,3.0,4,0.9296999811162251
PhysaRoute,3.0,5,0.9143747577089465
PhysaRoute,3.0,6,0.9554247047667268
PhysaRoute,3.0,7,0.9306013418905824
PhysaRoute,3.0,8,0.9423528020693127
PhysaRoute,3.0,9,0.9108664410599783
PhysaRoute,3.0,10,0.9297142205126891
PhysaRoute,3.0,11,0.9445958752563676
PhysaRoute,3.0,12,0.9353923155195848
PhysaRoute,3.0,13,0.9260714328482131
PhysaRoute,3.0,14,0.9225905751594808
PhysaRoute,3.0,15,0.92526502755372
PhysaRoute,3.0,16,0.9415912775728351
PhysaRoute,3.0,17,0.9312658678217993
PhysaRoute,3.0,18,0.9310448409803177
PhysaRoute,3.0,19,0.9469885775546699
PhysaRoute,3.0,20,0.9294192889228785
PhysaRoute,3.0,21,0.9464182228133277
PhysaRoute,3.0,22,0.9219869639849939
PhysaRoute,3.0,23,0.9370760609737818
PhysaRoute,3.0,24,0.9361302025581592
PhysaRoute,3.0,25,0.943629599553677
PhysaRoute,3.0,26,0.9276225128051335
PhysaRoute,3.0,27,0.9221836429803456
PhysaRoute,3.0,28,0.9347415625097043
PhysaRoute,3.0,29,0.9327781930957527
RL-WBAN,0.0,0,1.0
RL-WBAN,0.0,1,0.9558629600738971
RL-WBAN,0.0,2,0.9662957580361753
RL-WBAN,0.0,3,0.9666728496698176
RL-WBAN,0.0,4,0.9725901731011206
RL-WBAN,0.0,5,0.9638293215252961
RL-WBAN,0.0,6,0.9665157385748819
RL-WBAN,0.0,7,0.981427474546376
RL-WBAN,0.0,8,0.9714626080223094
RL-WBAN,0.0,9,0.9587194888926795
RL-WBAN,0.0,10,0.9845560365003589
RL-WBAN,0.0,11,0.9628744862681847
RL-WBAN,0.0,12,0.9695845592550701
RL-WBAN,0.0,13,0.9764144079769418
RL-WBAN,0.0,14,0.9616583757529066
RL-WBAN,0.0,15,0.964717380370108
RL-WBAN,0.0,16,0.9760910211278964
RL-WBAN,0.0,17,0.9696735090447935
RL-WBAN,0.0,18,0.9551340461878319
RL-WBAN,0.0,19,0.9638158515262898
RL-WBAN,0.0,20,0.9596314047729494
RL-WBAN,0.0,21,0.9657494584078635
RL-WBAN,0.0,22,0.9741615739982415
RL-WBAN,0.0,23,0.9655101979655766
RL-WBAN,0.0,24,0.9781669829226527
RL-WBAN,0.0,25,0.9711667682674715
RL-WBAN,0.0,26,0.977030614865746
RL-WBAN,0.0,27,0.964430594457035
RL-WBAN,0.0,28,0.9596437388431472
RL-WBAN,0.0,29,0.9730075728712845
RL-WBAN,0.5,0,0.9404108842408522
RL-WBAN,0.5,1,0.9572835993648584
RL-WBAN,0.5,2,0.9642605930534066
RL-WBAN,0.5,3,0.9520900140287835
RL-WBAN,0.5,4,0.9663578154753218
RL-WBAN,0.5,5,0.9570439054404308
RL-WBAN,0.5,6,0.9544292513898905
RL-WBAN,0.5,7,0.9594209145299046
RL-WBAN,0.5,8,0.9585447161438598
RL-WBAN,0.5,9,0.9571778258780889
RL-WBAN,0.5,10,0.9447156739423952
RL-WBAN,0.5,11,0.9568883867524949
RL-WBAN,0.5,12,0.934795482944077
RL-WBAN,0.5,13,0.9585091705290915
RL-WBAN,0.5,14,0.9523302667353518
RL-WBAN,0.5,15,0.9559981561220645
RL-WBAN,0.5,16,0.9721270568296301
RL-WBAN,0.5,17,0.9550449562908805
RL-WBAN,0.5,18,0.9566116329673285
RL-WBAN,0.5,19,0.9475263058601894
RL-WBAN,0.5,20,0.9547914019366117
RL-WBAN,0.5,21,0.9613156595880662
RL-WBAN,0.5,22,0.9750640748530414
RL-WBAN,0.5,23,0.9467347499462732
RL-WBAN,0.5,24,0.9526595775920051
RL-WBAN,0.5,25,0.9680593339914756
RL-WBAN,0.5,26,0.9518709395278703
RL-WBAN,0.5,27,0.985375142198836
RL-WBAN,0.5,28,0.9669066224742657
RL-WBAN,0.5,29,0.9685565153565254
RL-WBAN,1.0,0,0.9350518272370334
RL-WBAN,1.0,1,0.9400151907061199
RL-WBAN,1.0,2,0.947374204868201
RL-WBAN,1.0,3,0.9292531745903672
RL-WBAN,1.0,4,0.9206702623290306
RL-WBAN,1.0,5,0.934541384402256
RL-WBAN,1.0,6,0.9411990387386537
RL-WBAN,1.0,7,0.9456433257882063
RL-WBAN,1.0,8,0.938870024617986
RL-WBAN,1.0,9,0.9436852070384649
RL-WBAN,1.0,10,0.9615704366040981
RL-WBAN,1.0,11,0.9542445632720934
RL-WBAN,1.0,12,0.9450228788668865
RL-WBAN,1.0,13,0.9520639684208814
RL-WBAN,1.0,14,0.946182725949592
RL-WBAN,1.0,15,0.9363581772005597
RL-WBAN,1.0,16,0.9469608628211453
RL-WBAN,1.0,17,0.9473131839014498
RL-WBAN,1.0,18,0.9722939700355229
RL-WBAN,1.0,19,0.948854149898164
RL-WBAN,1.0,20,0.949192129967542
RL-WBAN,1.0,21,0.934546000850613
RL-WBAN,1.0,22,0.9381016684761135
RL-WBAN,1.0,23,0.9500075496481298
RL-WBAN,1.0,24,0.9509521299189284
RL-WBAN,1.0,25,0.9468558150224929
RL-WBAN,1.0,26,0.9416716368463811
RL-WBAN,1.0,27,0.9466699446751056
RL-WBAN,1.0,28,0.956719351951384
RL-WBAN,1.0,29,0.9482699298192637
RL-WBAN,1.5,0,0.9265713996316018
RL-WBAN,1.5,1,0.9115437452049802
RL-WBAN,1.5,2,0.9274296196604414
RL-WBAN,1.5,3,0.9330791749775467
RL-WBAN,1.5,4,0.9203994865567381
RL-WBAN,1.5,5,0.9349877033014364
RL-WBAN,1.5,6,0.9321141571636419
RL-WBAN,1.5,7,0.9302076715812171
RL-WBAN,1.5,8,0.9335191676119959
RL-WBAN,1.5,9,0.9339528882126658
RL-WBAN,1.5,10,0.9088991707579567
RL-WBAN,1.5,11,0.940803720298593
RL-WBAN,1.5,12,0.938441287199932
RL-WBAN,1.5,13,0.9240286648230941
RL-WBAN,1.5,14,0.9262704597479123
RL-WBAN,1.5,15,0.9272317169819299
RL-WBAN,1.5,16,0.9446528268739398
RL-WBAN,1.5,17,0.9407564123138736
RL-WBAN,1.5,18,0.9333046359817943
RL-WBAN,1.5,19,0.9272286684148383
RL-WBAN,1.5,20,0.9376277927730453
RL-WBAN,1.5,21,0.9316525031808398
RL-WBAN,1.5,22,0.9264678247616482
RL-WBAN,1.5,23,0.9413275031907008
RL-WBAN,1.5,24,0.9439493956215164
RL-WBAN,1.5,25,0.9153799456418508
RL-WBAN,1.5,26,0.9392783195190344
RL-WBAN,1.5,27,0.9454685085486381
RL-WBAN,1.5,28,0.9309099062839088
RL-WBAN,1.5,29,0.9372233174123618
RL-WBAN,2.0,0,0.9290733749592159
RL-WBAN,2.0,1,0.9377497336939483
RL-WBAN,2.0,2,0.9100204257574498
RL-WBAN,2.0,3,0.9328747802887013
RL-WBAN,2.0,4,0.9099747408238053
RL-WBAN,2.0,5,0.9068928768222848
RL-WBAN,2.0,6,0.9201121907993064
RL-WBAN,2.0,7,0.9324726783942093
RL-WBAN,2.0,8,0.9205972351657712
RL-WBAN,2.0,9,0.9047069925087486
RL-WBAN,2.0,10,0.9128245691120782
RL-WBAN,2.0,11,0.9208390868955687
RL-WBAN,2.0,12,0.9090728732350342
RL-WBAN,2.0,13,0.91024352289235
RL-WBAN,2.0,14,0.9097220113301367
RL-WBAN,2.0,15,0.9125053946939395
RL-WBAN,2.0,16,0.9254849073706406
RL-WBAN,2.0,17,0.9331167316835387
RL-WBAN,2.0,18,0.9215832125468447
RL-WBAN,2.0,19,0.9309339887507267
RL-WBAN,2.0,20,0.9034601712167069
RL-WBAN,2.0,21,0.9141910961948464
RL-WBAN,2.0,22,0.9129321890153432
RL-WBAN,2.0,23,0.9309288231717616
RL-WBAN,2.0,24,0.9092272298671538
RL-WBAN,2.0,25,0.9367141546322311
RL-WBAN,2.0,26,0.9141277626760091
RL-WBAN,2.0,27,0.9190943912490914
RL-WBAN,2.0,28,0.8973079415972727
RL-WBAN,2.0,29,0.9112815315673158
RL-WBAN,2.5,0,0.9053605750513252
RL-WBAN,2.5,1,0.9158296202398192
RL-WBAN,2.5,2,0.9094486046986175
RL-WBAN,2.5,3,0.9191125444816785
RL-WBAN,2.5,4,0.9117883220080439
RL-WBAN,2.5,5,0.8814033896480103
RL-WBAN,2.5,6,0.9091469360668789
RL-WBAN,2.5,7,0.8939476026406065
RL-WBAN,2.5,8,0.9204298985720627
RL-WBAN,2.5,9,0.9061447337882007
RL-WBAN,2.5,10,0.908870603025898
RL-WBAN,2.5,11,0.901696862940657
RL-WBAN,2.5,12,0.916960186902551
RL-WBAN,2.5,13,0.9047004525834645
RL-WBAN,2.5,14,0.9120874163269097
RL-WBAN,2.5,15,0.9213339058741624
RL-WBAN,2.5,16,0.9224722229912655
RL-WBAN,2.5,17,0.9187097177114021
RL-WBAN,2.5,18,0.8974456735321891
RL-WBAN,2.5,19,0.8966796877843372
RL-WBAN,2.5,20,0.9090402208274994
RL-WBAN,2.5,21,0.899577610468633
RL-WBAN,2.5,22,0.9154880366594742
RL-WBAN,2.5,23,0.9058959873333436
RL-WBAN,2.5,24,0.9103603120830797
RL-WBAN,2.5,25,0.9043676568610782
RL-WBAN,2.5,26,0.9212003564353706
RL-WBAN,2.5,27,0.9060343488638319
RL-WBAN,2.5,28,0.9150591694534673
RL-WBAN,2.5,29,0.9071440983866351
RL-WBAN,3.0,0,0.8838363801451274
RL-WBAN,3.0,1,0.8877407284015802
RL-WBAN,3.0,2,0.8828337733717073
RL-WBAN,3.0,3,0.892717602161764
RL-WBAN,3.0,4,0.8830833672539797
RL-WBAN,3.0,5,0.8927859631328604
RL-WBAN,3.0,6,0.8821427159322258
RL-WBAN,3.0,7,0.900620727130602
RL-WBAN,3.0,8,0.9112700842706786
RL-WBAN,3.0,9,0.8877275527249822
RL-WBAN,3.0,10,0.8851481035253912
RL-WBAN,3.0,11,0.9011814507361489
RL-WBAN,3.0,12,0.8919060716124364
RL-WBAN,3.0,13,0.9221311998635316
RL-WBAN,3.0,14,0.8899170596345656
RL-WBAN,3.0,15,0.8874264802581819
RL-WBAN,3.0,16,0.9064309731589164
RL-WBAN,3.0,17,0.8854271949774308
RL-WBAN,3.0,18,0.9117223462660732
RL-WBAN,3.0,19,0.8935893984654192
RL-WBAN,3.0,20,0.8767598787740855
RL-WBAN,3.0,21,0.8996564462108626
RL-WBAN,3.0,22,0.9013341046901712
RL-WBAN,3.0,23,0.904131146569785
RL-WBAN,3.0,24,0.8927165131260081
RL-WBAN,3.0,25,0.8941126639442025
RL-WBAN,3.0,26,0.8924757054250699
RL-WBAN,3.0,27,0.890569142415049
RL-WBAN,3.0,28,0.9192725547881371
RL-WBAN,3.0,29,0.900517399154281
PZ-2021,0.0,0,0.9360146685514773
PZ-2021,0.0,1,0.9484821905995141
PZ-2021,0.0,2,0.957610874432233
PZ-2021,0.0,3,0.9621779666689054
PZ-2021,0.0,4,0.9625597942620513
PZ-2021,0.0,5,0.9626762749014984
PZ-2021,0.0,6,0.9585258232151576
PZ-2021,0.0,7,0.9714556371314895
PZ-2021,0.0,8,0.9548875476930575
PZ-2021,0.0,9,0.9608536786356033
PZ-2021,0.0,10,0.9676039228159207
PZ-2021,0.0,11,0.9627786298744766
PZ-2021,0.0,12,0.9498538837131842
PZ-2021,0.0,13,0.9701625878059057
PZ-2021,0.0,14,0.9565669831920861
PZ-2021,0.0,15,0.9518779531771524
PZ-2021,0.0,16,0.9729068180094197
PZ-2021,0.0,17,0.9726284919082027
PZ-2021,0.0,18,0.9575117094340873
PZ-2021,0.0,19,0.9675027308209934
PZ-2021,0.0,20,0.9734511435257844
PZ-2021,0.0,21,0.9621025971530843
PZ-2021,0.0,22,0.9612914427284946
PZ-2021,0.0,23,0.9586262427261044
PZ-2021,0.0,24,0.9674328203122039
PZ-2021,0.0,25,0.9612610532748994
PZ-2021,0.0,26,0.9585136518442471
PZ-2021,0.0,27,0.9555130204056873
PZ-2021,0.0,28,0.9683315399647572
PZ-2021,0.0,29,0.9714039801067205
PZ-2021,0.5,0,0.9385126442911063
PZ-2021,0.5,1,0.9485576952864934
PZ-2021,0.5,2,0.9645651037994603
PZ-2021,0.5,3,0.9609324203137124
PZ-2021,0.5,4,0.9594206344491102
PZ-2021,0.5,5,0.950115144053633
PZ-2021,0.5,6,0.9395986356096199
PZ-2021,0.5,7,0.9563881266336434
PZ-2021,0.5,8,0.9432284598350519
PZ-2021,0.5,9,0.9695595033071153
PZ-2021,0.5,10,0.9461219887589281
PZ-2021,0.5,11,0.9731603006417797
PZ-2021,0.5,12,0.9423571373110775
PZ-2021,0.5,13,0.9638997342853843
PZ-2021,0.5,14,0.9493373070513508
PZ-2021,0.5,15,0.9529770932919807
PZ-2021,0.5,16,0.9689093434754306
PZ-2021,0.5,17,0.9475829245576316
PZ-2021,0.5,18,0.9369941486233293
PZ-2021,0.5,19,0.945688197765506
PZ-2021,0.5,20,0.9393687435872489
PZ-2021,0.5,21,0.9495258790634303
PZ-2021,0.5,22,0.9520476764418568
PZ-2021,0.5,23,0.9517547699813839
PZ-2021,0.5,24,0.9651030205362506
PZ-2021,0.5,25,0.9490174826346481
PZ-2021,0.5,26,0.9371099119755684
PZ-2021,0.5,27,0.9532735223415113
PZ-2021,0.5,28,0.942440684613845
PZ-2021,0.5,29,0.9421386591649583
PZ-2021,1.0,0,0.9434527251124631
PZ-2021,1.0,1,0.9173932781331801
PZ-2021,1.0,2,0.9479087044000999
PZ-2021,1.0,3,0.9211460702405146
PZ-2021,1.0,4,0.924375315331063
PZ-2021,1.0,5,0.9140193731559808
PZ-2021,1.0,6,0.9155166317387016
PZ-2021,1.0,7,0.9409048100318228
PZ-2021,1.0,8,0.9366629386804077
PZ-2021,1.0,9,0.9363380170143681
PZ-2021,1.0,10,0.9564956549747059
PZ-2021,1.0,11,0.9358462191452425
PZ-2021,1.0,12,0.9291987431512644
PZ-2021,1.0,13,0.9259508141535054
PZ-2021,1.0,14,0.9252750420098281
PZ-2021,1.0,15,0.9262434705822629
PZ-2021,1.0,16,0.9265183231076219
PZ-2021,1.0,17,0.9462190142485901
PZ-2021,1.0,18,0.9397036852864048
PZ-2021,1.0,19,0.9442421389965799
PZ-2021,1.0,20,0.9141374627149046
PZ-2021,1.0,21,0.953478269670712
PZ-2021,1.0,22,0.9252475198926209
PZ-2021,1.0,23,0.9401922812892474
PZ-2021,1.0,24,0.9349853033099522
PZ-2021,1.0,25,0.9349028633974404
PZ-2021,1.0,26,0.9323270524523359
PZ-2021,1.0,27,0.9285307817681892
PZ-2021,1.0,28,0.9216247153713941
PZ-2021,1.0,29,0.9231719688471502
PZ-2021,1.5,0,0.9204119065898091
PZ-2021,1.5,1,0.9142684660450002
PZ-2021,1.5,2,0.9390906846603484
PZ-2021,1.5,3,0.9202037718926436
PZ-2021,1.5,4,0.9225627697617537
PZ-2021,1.5,5,0.943155257037778
PZ-2021,1.5,6,0.9279078583843331
PZ-2021,1.5,7,0.9014028598294059
PZ-2021,1.5,8,0.91630408963347
PZ-2021,1.5,9,0.922588900693749
PZ-2021,1.5,10,0.9079203318261728
PZ-2021,1.5,11,0.9243933494492913
PZ-2021,1.5,12,0.9254024787765358
PZ-2021,1.5,13,0.9107056856851496
PZ-2021,1.5,14,0.9035436228417183
PZ-2021,1.5,15,0.9210106930057703
PZ-2021,1.5,16,0.9002080152348493
PZ-2021,1.5,17,0.9255579404382126
PZ-2021,1.5,18,0.9142716951281076
PZ-2021,1.5,19,0.9182050177929774
PZ-2021,1.5,20,0.909728418411594
PZ-2021,1.5,21,0.9251078844035013
PZ-2021,1.5,22,0.9176765561709836
PZ-2021,1.5,23,0.9310132005994884
PZ-2021,1.5,24,0.921683083896117
PZ-2021,1.5,25,0.9156898968497323
PZ-2021,1.5,26,0.905411521085526
PZ-2021,1.5,27,0.9256386642555184
PZ-2021,1.5,28,0.9201651778139887
PZ-2021,1.5,29,0.9094950286861618
PZ-2021,2.0,0,0.8983063804588513
PZ-2021,2.0,1,0.8948106093588446
PZ-2021,2.0,2,0.9250690355858379
PZ-2021,2.0,3,0.8984147556544646
PZ-2021,2.0,4,0.9010340419063221
PZ-2021,2.0,5,0.9052648076190151
PZ-2021,2.0,6,0.8935279687495028
PZ-2021,2.0,7,0.9056513749537813
PZ-2021,2.0,8,0.9210943575121918
PZ-2021,2.0,9,0.9117875604057611
PZ-2021,2.0,10,0.907082343042508
PZ-2021,2.0,11,0.9028081752406761
PZ-2021,2.0,12,0.9100734893949782
PZ-2021,2.0,13,0.9142142986283416
PZ-2021,2.0,14,0.9139692025829778
PZ-2021,2.0,15,0.9102874417580146
PZ-2021,2.0,16,0.8983549082110311
PZ-2021,2.0,17,0.9055729010312971
PZ-2021,2.0,18,0.9035471854919066
PZ-2021,2.0,19,0.9205138561835319
PZ-2021,2.0,20,0.8919468442690046
PZ-2021,2.0,21,0.9005312544879853
PZ-2021,2.0,22,0.8828969457181509
PZ-2021,2.0,23,0.9344843675209705
PZ-2021,2.0,24,0.9091886944625476
PZ-2021,2.0,25,0.8958359982627203
PZ-2021,2.0,26,0.9041129853727786
PZ-2021,2.0,27,0.913106218847015
PZ-2021,2.0,28,0.9140509221187438
PZ-2021,2.0,29,0.9091217369943764
PZ-2021,2.5,0,0.8963186033232948
PZ-2021,2.5,1,0.8924799186121031
PZ-2021,2.5,2,0.8926812145203825
PZ-2021,2.5,3,0.8865553014992972
PZ-2021,2.5,4,0.903453140790999
PZ-2021,2.5,5,0.8747417062738331
PZ-2021,2.5,6,0.9056739988131248
PZ-2021,2.5,7,0.8949980571004017
PZ-2021,2.5,8,0.9018997935142715
PZ-2021,2.5,9,0.8853416363231064
PZ-2021,2.5,10,0.8811485698257718
PZ-2021,2.5,11,0.8943734867946519
PZ-2021,2.5,12,0.872371925726098
PZ-2021,2.5,13,0.9034852786023551
PZ-2021,2.5,14,0.8925535384460281
PZ-2021,2.5,15,0.8956505019050229
PZ-2021,2.5,16,0.8857013945516147
PZ-2021,2.5,17,0.8847943105213011
PZ-2021,2.5,18,0.8804220982741957
PZ-2021,2.5,19,0.8755860180259427
PZ-2021,2.5,20,0.8771534324594956
PZ-2021,2.5,21,0.8936149012609254
PZ-2021,2.5,22,0.8883629780946937
PZ-2021,2.5,23,0.8932556382491648
PZ-2021,2.5,24,0.8784142441407432
PZ-2021,2.5,25,0.8740559016539268
PZ-2021,2.5,26,0.9014485659588745
PZ-2021,2.5,27,0.8875690816712788
PZ-2021,2.5,28,0.8985092829486785
PZ-2021,2.5,29,0.9021966331593926
PZ-2021,3.0,0,0.8852959074600685
PZ-2021,3.0,1,0.8692042253240577
PZ-2021,3.0,2,0.875666172780933
PZ-2021,3.0,3,0.8939202622413183
PZ-2021,3.0,4,0.887756193704939
PZ-2021,3.0,5,0.8721009116961587
PZ-2021,3.0,6,0.8629986875323109
PZ-2021,3.0,7,0.8797965933357682
PZ-2021,3.0,8,0.8772673756728472
PZ-2021,3.0,9,0.8602712835203298
PZ-2021,3.0,10,0.893642845180027
PZ-2021,3.0,11,0.8948717753155744
PZ-2021,3.0,12,0.8651307432884296
PZ-2021,3.0,13,0.8794285666592583
PZ-2021,3.0,14,0.883500396743489
PZ-2021,3.0,15,0.8795377523089831
PZ-2021,3.0,16,0.8728302097209185
PZ-2021,3.0,17,0.8841718879070825
PZ-2021,3.0,18,0.8894076874894948
PZ-2021,3.0,19,0.8843232084890674
PZ-2021,3.0,20,0.8997425488451912
PZ-2021,3.0,21,0.8936472169169786
PZ-2021,3.0,22,0.8951178958315752
PZ-2021,3.0,23,0.8729582309285573
PZ-2021,3.0,24,0.8788764560115688
PZ-2021,3.0,25,0.8833969459701035
PZ-2021,3.0,26,0.8787454281064752
PZ-2021,3.0,27,0.8613607786859216
PZ-2021,3.0,28,0.8693351015725099
PZ-2021,3.0,29,0.8935175073468623
DARE-IoT,0.0,0,0.9693667791091718
DARE-IoT,0.0,1,0.9607705896545181
DARE-IoT,0.0,2,0.945330930205778
DARE-IoT,0.0,3,0.9770215962866383
DARE-IoT,0.0,4,0.9543538135692657
DARE-IoT,0.0,5,0.9656156990320178
DARE-IoT,0.0,6,0.9702601122706473
DARE-IoT,0.0,7,0.9592640873840265
DARE-IoT,0.0,8,0.9617498678162913
DARE-IoT,0.0,9,0.966311877680663
DARE-IoT,0.0,10,0.9485490398691184
DARE-IoT,0.0,11,0.9358365275681587
DARE-IoT,0.0,12,0.9592071879136872
DARE-IoT,0.0,13,0.9452783525089375
DARE-IoT,0.0,14,0.9613111321227109
DARE-IoT,0.0,15,0.9495780043294477
DARE-IoT,0.0,16,0.9421697105459128
DARE-IoT,0.0,17,0.938852455186613
DARE-IoT,0.0,18,0.9599172852853368
DARE-IoT,0.0,19,0.9698948936676149
DARE-IoT,0.0,20,0.9617221777326576
DARE-IoT,0.0,21,0.9434143220094512
DARE-IoT,0.0,22,0.9518729054311493
DARE-IoT,0.0,23,0.963675334845274
DARE-IoT,0.0,24,0.9653790079667229
DARE-IoT,0.0,25,0.9679233755737044
DARE-IoT,0.0,26,0.9663255606098097
DARE-IoT,0.0,27,0.9520768841709829
DARE-IoT,0.0,28,0.9541370834687046
DARE-IoT,0.0,29,0.9743127907563359
DARE-IoT,0.5,0,0.9397722843030222
DARE-IoT,0.5,1,0.9456856907336013
DARE-IoT,0.5,2,0.9387187404716413
DARE-IoT,0.5,3,0.9531963425372263
DARE-IoT,0.5,4,0.9453395121461574
DARE-IoT,0.5,5,0.9417072876770362
DARE-IoT,0.5,6,0.9382626914187084
DARE-IoT,0.5,7,0.9452294409506681
DARE-IoT,0.5,8,0.9511388551673516
DARE-IoT,0.5,9,0.9458574329552426
DARE-IoT,0.5,10,0.9324997501838712
DARE-IoT,0.5,11,0.9362719464145558
DARE-IoT,0.5,12,0.9245136910983824
DARE-IoT,0.5,13,0.959256951706045
DARE-IoT,0.5,14,0.9627127595015013
DARE-IoT,0.5,15,0.9406755139050237
DARE-IoT,0.5,16,0.9430940304824901
DARE-IoT,0.5,17,0.9523683686187584
DARE-IoT,0.5,18,0.9291897585466204
DARE-IoT,0.5,19,0.9425418045101729
DARE-IoT,0.5,20,0.9465324943045258
DARE-IoT,0.5,21,0.9505902988826792
DARE-IoT,0.5,22,0.9425796109588095
DARE-IoT,0.5,23,0.9427814147681441
DARE-IoT,0.5,24,0.9533427914098402
DARE-IoT,0.5,25,0.9464352164903171
DARE-IoT,0.5,26,0.9430139842804978
DARE-IoT,0.5,27,0.9564877081705438
DARE-IoT,0.5,28,0.9605097313053262
DARE-IoT,0.5,29,0.940156994190768
DARE-IoT,1.0,0,0.916331178115122
DARE-IoT,1.0,1,0.9471986790545526
DARE-IoT,1.0,2,0.9513235185553376
DARE-IoT,1.0,3,0.9266659079743693
DARE-IoT,1.0,4,0.9311029584138383
DARE-IoT,1.0,5,0.9359665139612314
DARE-IoT,1.0,6,0.9304366252857944
DARE-IoT,1.0,7,0.9366196999154273
DARE-IoT,1.0,8,0.9379491621241209
DARE-IoT,1.0,9,0.9321472174498063
DARE-IoT,1.0,10,0.9275071371725446
DARE-IoT,1.0,11,0.9344924163265722
DARE-IoT,1.0,12,0.9190886934274132
DARE-IoT,1.0,13,0.9165059285974466
DARE-IoT,1.0,14,0.9267205492673636
DARE-IoT,1.0,15,0.9316684904684097
DARE-IoT,1.0,16,0.9118359672330704
DARE-IoT,1.0,17,0.9112790247155336
DARE-IoT,1.0,18,0.9225458675157487
DARE-IoT,1.0,19,0.9344071214710395
DARE-IoT,1.0,20,0.9417715284650299
DARE-IoT,1.0,21,0.9257313241917245
DARE-IoT,1.0,22,0.9363081856049625
DARE-IoT,1.0,23,0.9160008838359066
DARE-IoT,1.0,24,0.9301886989758824
DARE-IoT,1.0,25,0.9235141892421943
DARE-IoT,1.0,26,0.9164755315881312
DARE-IoT,1.0,27,0.9288258161139342
DARE-IoT,1.0,28,0.9133922774074674
DARE-IoT,1.0,29,0.9377673310041004
DARE-IoT,1.5,0,0.9169271432055184
DARE-IoT,1.5,1,0.9171904062218613
DARE-IoT,1.5,2,0.8994192821746543
DARE-IoT,1.5,3,0.9054895462527363
DARE-IoT,1.5,4,0.8985885396641865
DARE-IoT,1.5,5,0.9083185406027262
DARE-IoT,1.5,6,0.9068382764364238
DARE-IoT,1.5,7,0.900234340976977
DARE-IoT,1.5,8,0.9078870382737363
DARE-IoT,1.5,9,0.90904504137225
DARE-IoT,1.5,10,0.9111057854170341
DARE-IoT,1.5,11,0.9090005497544338
DARE-IoT,1.5,12,0.8971766301227697
DARE-IoT,1.5,13,0.9353983794953848
DARE-IoT,1.5,14,0.9198706310135041
DARE-IoT,1.5,15,0.9297059260117092
DARE-IoT,1.5,16,0.9217770997444893
DARE-IoT,1.5,17,0.8967762439853488
DARE-IoT,1.5,18,0.9370816552081016
DARE-IoT,1.5,19,0.9150895902352926
DARE-IoT,1.5,20,0.9131355170165125
DARE-IoT,1.5,21,0.9151580098866289
DARE-IoT,1.5,22,0.9141872831348381
DARE-IoT,1.5,23,0.930216421222633
DARE-IoT,1.5,24,0.9302876540826605
DARE-IoT,1.5,25,0.9189823565156983
DARE-IoT,1.5,26,0.9233678715514745
DARE-IoT,1.5,27,0.9057453823458588
DARE-IoT,1.5,28,0.9012963968212485
DARE-IoT,1.5,29,0.9141190331940473
DARE-IoT,2.0,0,0.8935057099056884
DARE-IoT,2.0,1,0.8978684776943692
DARE-IoT,2.0,2,0.9049842879908749
DARE-IoT,2.0,3,0.8913984930432841
DARE-IoT,2.0,4,0.8962164973227265
DARE-IoT,2.0,5,0.8985461031491501
DARE-IoT,2.0,6,0.8918386064484062
DARE-IoT,2.0,7,0.8941254876234342
DARE-IoT,2.0,8,0.8909498284435377
DARE-IoT,2.0,9,0.9033176519125218
DARE-IoT,2.0,10,0.8948097157987924
DARE-IoT,2.0,11,0.9058456761201532
DARE-IoT,2.0,12,0.9029191201622261
DARE-IoT,2.0,13,0.8974250893743425
DARE-IoT,2.0,14,0.9031878724394817
DARE-IoT,2.0,15,0.9061661091449681
DARE-IoT,2.0,16,0.9091562217202914
DARE-IoT,2.0,17,0.9214464582893402
DARE-IoT,2.0,18,0.9113827988473656
DARE-IoT,2.0,19,0.907325158874042
DARE-IoT,2.0,20,0.9029917844865231
DARE-IoT,2.0,21,0.9025608616293047
DARE-IoT,2.0,22,0.9080018920544382
DARE-IoT,2.0,23,0.9106008368883592
DARE-IoT,2.0,24,0.8940540762299242
DARE-IoT,2.0,25,0.8970559148961611
DARE-IoT,2.0,26,0.8931007684121346
DARE-IoT,2.0,27,0.9097972510934137
DARE-IoT,2.0,28,0.9063973459750878
DARE-IoT,2.0,29,0.8979392252503736
DARE-IoT,2.5,0,0.8816751066423961
DARE-IoT,2.5,1,0.8780996031243422
DARE-IoT,2.5,2,0.9028029029176957
DARE-IoT,2.5,3,0.8917292364582164
DARE-IoT,2.5,4,0.8810828515818632
DARE-IoT,2.5,5,0.8800410493263967
DARE-IoT,2.5,6,0.9033168955225271
DARE-IoT,2.5,7,0.8979066606178296
DARE-IoT,2.5,8,0.8817038296729882
DARE-IoT,2.5,9,0.8978194251485305
DARE-IoT,2.5,10,0.8918742167543046
DARE-IoT,2.5,11,0.8775101436026869
DARE-IoT,2.5,12,0.8797028600808228
DARE-IoT,2.5,13,0.8874370171397272
DARE-IoT,2.5,14,0.8949787844832467
DARE-IoT,2.5,15,0.8903950216484154
DARE-IoT,2.5,16,0.8731039562446193
DARE-IoT,2.5,17,0.8823442558004352
DARE-IoT,2.5,18,0.8830475923427366
DARE-IoT,2.5,19,0.8997336427836244
DARE-IoT,2.5,20,0.8765475177095771
DARE-IoT,2.5,21,0.8860966714549982
DARE-IoT,2.5,22,0.8882746579841413
DARE-IoT,2.5,23,0.8853160543886806
DARE-IoT,2.5,24,0.8799856468332052
DARE-IoT,2.5,25,0.8795040292989831
DARE-IoT,2.5,26,0.873877099905406
DARE-IoT,2.5,27,0.87558509341572
DARE-IoT,2.5,28,0.8821435213218108
DARE-IoT,2.5,29,0.8654661862360238
DARE-IoT,3.0,0,0.8610489631260613
DARE-IoT,3.0,1,0.8618033209347336
DARE-IoT,3.0,2,0.8806648374216128
DARE-IoT,3.0,3,0.8708844871512229
DARE-IoT,3.0,4,0.8722457623604191
DARE-IoT,3.0,5,0.8729188786633397
DARE-IoT,3.0,6,0.8794825619758639
DARE-IoT,3.0,7,0.881915624722313
DARE-IoT,3.0,8,0.8762643319881996
DARE-IoT,3.0,9,0.8633135528779449
DARE-IoT,3.0,10,0.8538003432918039
DARE-IoT,3.0,11,0.8641624639567381
DARE-IoT,3.0,12,0.8722137821489554
DARE-IoT,3.0,13,0.8691453727383491
DARE-IoT,3.0,14,0.8791458999134631
DARE-IoT,3.0,15,0.8661288909939964
DARE-IoT,3.0,16,0.8667676466265338
DARE-IoT,3.0,17,0.8461304572987687
DARE-IoT,3.0,18,0.8606204486385858
DARE-IoT,3.0,19,0.8737630166119326
DARE-IoT,3.0,20,0.8726365307046074
DARE-IoT,3.0,21,0.8794538568169912
DARE-IoT,3.0,22,0.8765975933540934
DARE-IoT,3.0,23,0.8772989626676919
DARE-IoT,3.0,24,0.8806691986619146
DARE-IoT,3.0,25,0.8596477328013423
DARE-IoT,3.0,26,0.8636058547478837
DARE-IoT,3.0,27,0.8700347141728579
DARE-IoT,3.0,28,0.8546449808903953
DARE-IoT,3.0,29,0.8915591066560838
PSO-Energy,0.0,0,0.9349203390086085
PSO-Energy,0.0,1,0.9664231838600476
PSO-Energy,0.0,2,0.9365809797304008
PSO-Energy,0.0,3,0.9315016003374423
PSO-Energy,0.0,4,0.9602597684555788
PSO-Energy,0.0,5,0.9419490495417236
PSO-Energy,0.0,6,0.9494939495154195
PSO-Energy,0.0,7,0.9522133709854148
PSO-Energy,0.0,8,0.9375069444042927
PSO-Energy,0.0,9,0.9626829638082195
PSO-Energy,0.0,10,0.9403061439081735
PSO-Energy,0.0,11,0.9484273746273559
PSO-Energy,0.0,12,0.9458414656906224
PSO-Energy,0.0,13,0.9617478758109902
PSO-Energy,0.0,14,0.941960158558715
PSO-Energy,0.0,15,0.9420547945822305
PSO-Energy,0.0,16,0.9400756605906845
PSO-Energy,0.0,17,0.9451074738866881
PSO-Energy,0.0,18,0.9448811186485612
PSO-Energy,0.0,19,0.9574504591506271
PSO-Energy,0.0,20,0.9483650360904007
PSO-Energy,0.0,21,0.948371276521419
PSO-Energy,0.0,22,0.9552701340617814
PSO-Energy,0.0,23,0.9444111570076119
PSO-Energy,0.0,24,0.9434886919181802
PSO-Energy,0.0,25,0.947521699544878
PSO-Energy,0.0,26,0.9417115677207223
PSO-Energy,0.0,27,0.9423909876669138
PSO-Energy,0.0,28,0.9590796521159431
PSO-Energy,0.0,29,0.940053329640471
PSO-Energy,0.5,0,0.9323315438631599
PSO-Energy,0.5,1,0.9131438213777304
PSO-Energy,0.5,2,0.9352207175558968
PSO-Energy,0.5,3,0.9395584814006954
PSO-Energy,0.5,4,0.9393209081507462
PSO-Energy,0.5,5,0.9441499807934788
PSO-Energy,0.5,6,0.9331228999238039
PSO-Energy,0.5,7,0.9306243708464911
PSO-Energy,0.5,8,0.929621633065006
PSO-Energy,0.5,9,0.923538440250082
PSO-Energy,0.5,10,0.929226526662083
PSO-Energy,0.5,11,0.9418229728218286
PSO-Energy,0.5,12,0.9245012758904764
PSO-Energy,0.5,13,0.9331555184999469
PSO-Energy,0.5,14,0.9358985724332073
PSO-Energy,0.5,15,0.9221254829636062
PSO-Energy,0.5,16,0.9337301344897718
PSO-Energy,0.5,17,0.9529769353149785
PSO-Energy,0.5,18,0.9275492575266785
PSO-Energy,0.5,19,0.9365751831913159
PSO-Energy,0.5,20,0.9349125248976164
PSO-Energy,0.5,21,0.933886747617348
PSO-Energy,0.5,22,0.9260400310847248
PSO-Energy,0.5,23,0.9326906000804569
PSO-Energy,0.5,24,0.9454384580352087
PSO-Energy,0.5,25,0.9404953235081838
PSO-Energy,0.5,26,0.9398472669431556
PSO-Energy,0.5,27,0.9363983974941038
PSO-Energy,0.5,28,0.942147688976977
PSO-Energy,0.5,29,0.9315399628764096
PSO-Energy,1.0,0,0.919273507302433
PSO-Energy,1.0,1,0.9172788384032442
PSO-Energy,1.0,2,0.9138394302643238
PSO-Energy,1.0,3,0.927913250796122
PSO-Energy,1.0,4,0.9198421746064407
PSO-Energy,1.0,5,0.9038304532367334
PSO-Energy,1.0,6,0.9206171790128951
PSO-Energy,1.0,7,0.902039795693415
PSO-Energy,1.0,8,0.9190967382608343
PSO-Energy,1.0,9,0.9043526005659149
PSO-Energy,1.0,10,0.9120696260311395
PSO-Energy,1.0,11,0.9004465531109284
PSO-Energy,1.0,12,0.9207081362517348
PSO-Energy,1.0,13,0.9334601646626614
PSO-Energy,1.0,14,0.9159654414706953
PSO-Energy,1.0,15,0.9159815506948138
PSO-Energy,1.0,16,0.9209877703584003
PSO-Energy,1.0,17,0.9180407609548539
PSO-Energy,1.0,18,0.9184473092963062
PSO-Energy,1.0,19,0.9111197122825193
PSO-Energy,1.0,20,0.9272361428711595
PSO-Energy,1.0,21,0.914640527630915
PSO-Energy,1.0,22,0.9144596486861989
PSO-Energy,1.0,23,0.9170796575648701
PSO-Energy,1.0,24,0.9136029523910363
PSO-Energy,1.0,25,0.9345796044685745
PSO-Energy,1.0,26,0.9128382726133426
PSO-Energy,1.0,27,0.9229078568478453
PSO-Energy,1.0,28,0.9108365774146412
PSO-Energy,1.0,29,0.9031060182969337
PSO-Energy,1.5,0,0.90921328818863
PSO-Energy,1.5,1,0.9151457575956673
PSO-Energy,1.5,2,0.9049122427481454
PSO-Energy,1.5,3,0.8976878841896337
PSO-Energy,1.5,4,0.8922241485517386
PSO-Energy,1.5,5,0.8783527521256029
PSO-Energy,1.5,6,0.9025484389572835
PSO-Energy,1.5,7,0.8874532568669005
PSO-Energy,1.5,8,0.8991090626938217
PSO-Energy,1.5,9,0.8781819038932627
PSO-Energy,1.5,10,0.894117370133486
PSO-Energy,1.5,11,0.8784586249837188
PSO-Energy,1.5,12,0.8898392186213228
PSO-Energy,1.5,13,0.9063480673963891
PSO-Energy,1.5,14,0.8951894897137371
PSO-Energy,1.5,15,0.8994469466331959
PSO-Energy,1.5,16,0.8880381980199954
PSO-Energy,1.5,17,0.8938623148098387
PSO-Energy,1.5,18,0.9143432321104052
PSO-Energy,1.5,19,0.8987626079604423
PSO-Energy,1.5,20,0.8976959831291031
PSO-Energy,1.5,21,0.8864571745263037
PSO-Energy,1.5,22,0.8819083843374877
PSO-Energy,1.5,23,0.8935424692071354
PSO-Energy,1.5,24,0.9107297993383113
PSO-Energy,1.5,25,0.8943359524612639
PSO-Energy,1.5,26,0.8973459754018757
PSO-Energy,1.5,27,0.909602895614303
PSO-Energy,1.5,28,0.9019022119435914
PSO-Energy,1.5,29,0.9021698291214298
PSO-Energy,2.0,0,0.8836601464195768
PSO-Energy,2.0,1,0.8735306469758484
PSO-Energy,2.0,2,0.8849182605021688
PSO-Energy,2.0,3,0.87263567907597
PSO-Energy,2.0,4,0.888645241875032
PSO-Energy,2.0,5,0.8939622001152006
PSO-Energy,2.0,6,0.8866930892171859
PSO-Energy,2.0,7,0.8748499998639626
PSO-Energy,2.0,8,0.8734170203512002
PSO-Energy,2.0,9,0.8695469696706138
PSO-Energy,2.0,10,0.8724423142651124
PSO-Energy,2.0,11,0.8800578432288438
PSO-Energy,2.0,12,0.8753602011296437
PSO-Energy,2.0,13,0.8728867420624312
PSO-Energy,2.0,14,0.8832051508182684
PSO-Energy,2.0,15,0.8818231332644109
PSO-Energy,2.0,16,0.8807228069312825
PSO-Energy,2.0,17,0.8737056172827761
PSO-Energy,2.0,18,0.8659674159324732
PSO-Energy,2.0,19,0.8779466167835625
PSO-Energy,2.0,20,0.8873632909914362
PSO-Energy,2.0,21,0.8867570859941354
PSO-Energy,2.0,22,0.8721858972965016
PSO-Energy,2.0,23,0.8771226068670879
PSO-Energy,2.0,24,0.8885615963786986
PSO-Energy,2.0,25,0.8663610078541291
PSO-Energy,2.0,26,0.8779445554867589
PSO-Energy,2.0,27,0.8710751656111559
PSO-Energy,2.0,28,0.8765893257627144
PSO-Energy,2.0,29,0.8853205476687918
PSO-Energy,2.5,0,0.8751257351956404
PSO-Energy,2.5,1,0.864038152052439
PSO-Energy,2.5,2,0.8613398489672848
PSO-Energy,2.5,3,0.8528169138201404
PSO-Energy,2.5,4,0.880571590178488
PSO-Energy,2.5,5,0.8615614474858857
PSO-Energy,2.5,6,0.8565040080571814
PSO-Energy,2.5,7,0.8617214651128524
PSO-Energy,2.5,8,0.8528438263736512
PSO-Energy,2.5,9,0.8642704903750161
PSO-Energy,2.5,10,0.8861505632477026
PSO-Energy,2.5,11,0.8667365476447625
PSO-Energy,2.5,12,0.8634204729079624
PSO-Energy,2.5,13,0.8508029539140916
PSO-Energy,2.5,14,0.8663054422182278
PSO-Energy,2.5,15,0.8425305760926803
PSO-Energy,2.5,16,0.87311102531024
PSO-Energy,2.5,17,0.8518763517162119
PSO-Energy,2.5,18,0.8559722781994488
PSO-Energy,2.5,19,0.8820744118044495
PSO-Energy,2.5,20,0.8444647619909174
PSO-Energy,2.5,21,0.8487583438870416
PSO-Energy,2.5,22,0.8581395876910048
PSO-Energy,2.5,23,0.8769157803730845
PSO-Energy,2.5,24,0.8526802051124591
PSO-Energy,2.5,25,0.8779756927794883
PSO-Energy,2.5,26,0.8555846513013046
PSO-Energy,2.5,27,0.860513024643312
PSO-Energy,2.5,28,0.8683355990908989
PSO-Energy,2.5,29,0.851139009512831
PSO-Energy,3.0,0,0.8459903226717319
PSO-Energy,3.0,1,0.8550712869230294
PSO-Energy,3.0,2,0.8620085152972677
PSO-Energy,3.0,3,0.8353130835837033
PSO-Energy,3.0,4,0.8570820198618065
PSO-Energy,3.0,5,0.8461053914080134
PSO-Energy,3.0,6,0.848307055103364
PSO-Energy,3.0,7,0.843696269040486
PSO-Energy,3.0,8,0.8521075461726769
PSO-Energy,3.0,9,0.8328330511391945
PSO-Energy,3.0,10,0.8408775829515165
PSO-Energy,3.0,11,0.8592560105316254
PSO-Energy,3.0,12,0.8449441296759534
PSO-Energy,3.0,13,0.8489683464851046
PSO-Energy,3.0,14,0.8386396729926168
PSO-Energy,3.0,15,0.8489936978447401
PSO-Energy,3.0,16,0.8323846465352749
PSO-Energy,3.0,17,0.8248964614605782
PSO-Energy,3.0,18,0.8404386705555731
PSO-Energy,3.0,19,0.828588066887675
PSO-Energy,3.0,20,0.8510190346921811
PSO-Energy,3.0,21,0.8415858130925985
PSO-Energy,3.0,22,0.8473024139222084
PSO-Energy,3.0,23,0.8385253264084395
PSO-Energy,3.0,24,0.8413366365499607
PSO-Energy,3.0,25,0.8489180137832493
PSO-Energy,3.0,26,0.842261393108187
PSO-Energy,3.0,27,0.8367522163328219
PSO-Energy,3.0,28,0.8422183874814279
PSO-Energy,3.0,29,0.8431078500374579
GWO-WBAN,0.0,0,0.9129308609893549
GWO-WBAN,0.0,1,0.9408024389869689
GWO-WBAN,0.0,2,0.9195672505488695
GWO-WBAN,0.0,3,0.9193099789347486
GWO-WBAN,0.0,4,0.9393721549043733
GWO-WBAN,0.0,5,0.9195928714402021
GWO-WBAN,0.0,6,0.9235475988489482
GWO-WBAN,0.0,7,0.9202498487026948
GWO-WBAN,0.0,8,0.9408935537957528
GWO-WBAN,0.0,9,0.928492710929665
GWO-WBAN,0.0,10,0.9206685771441205
GWO-WBAN,0.0,11,0.9220688124627928
GWO-WBAN,0.0,12,0.9211742503130788
GWO-WBAN,0.0,13,0.9218282475463421
GWO-WBAN,0.0,14,0.9309867900166269
GWO-WBAN,0.0,15,0.9319513579074356
GWO-WBAN,0.0,16,0.9391098094625665
GWO-WBAN,0.0,17,0.9392022945999667
GWO-WBAN,0.0,18,0.9297908864838142
GWO-WBAN,0.0,19,0.9509391112862561
GWO-WBAN,0.0,20,0.9013535512959249
GWO-WBAN,0.0,21,0.9320683690279002
GWO-WBAN,0.0,22,0.9189797191120186
GWO-WBAN,0.0,23,0.9252552055151045
GWO-WBAN,0.0,24,0.9211469497793746
GWO-WBAN,0.0,25,0.9231310947969035
GWO-WBAN,0.0,26,0.9265838262692382
GWO-WBAN,0.0,27,0.9265482709980105
GWO-WBAN,0.0,28,0.9386709006102354
GWO-WBAN,0.0,29,0.9250398199484161
GWO-WBAN,0.5,0,0.9142730824866182
GWO-WBAN,0.5,1,0.9113524787293651
GWO-WBAN,0.5,2,0.9165271640174976
GWO-WBAN,0.5,3,0.9080311987317654
GWO-WBAN,0.5,4,0.9043924023652798
GWO-WBAN,0.5,5,0.9187204705364677
GWO-WBAN,0.5,6,0.897097285112019
GWO-WBAN,0.5,7,0.9137564731646249
GWO-WBAN,0.5,8,0.9105863060885669
GWO-WBAN,0.5,9,0.9066377522138338
GWO-WBAN,0.5,10,0.9135996119271277
GWO-WBAN,0.5,11,0.909221180842256
GWO-WBAN,0.5,12,0.9076346317588568
GWO-WBAN,0.5,13,0.9170888166440657
GWO-WBAN,0.5,14,0.9188905103771137
GWO-WBAN,0.5,15,0.9132210699511722
GWO-WBAN,0.5,16,0.9003646073036061
GWO-WBAN,0.5,17,0.9227858479825878
GWO-WBAN,0.5,18,0.9107209338320114
GWO-WBAN,0.5,19,0.900934550991509
GWO-WBAN,0.5,20,0.925460597151985
GWO-WBAN,0.5,21,0.9224872309277893
GWO-WBAN,0.5,22,0.9178785962801649
GWO-WBAN,0.5,23,0.9171577253136063
GWO-WBAN,0.5,24,0.8985301408144115
GWO-WBAN,0.5,25,0.9093208389414599
GWO-WBAN,0.5,26,0.9078074483381433
GWO-WBAN,0.5,27,0.9074395906414517
GWO-WBAN,0.5,28,0.8912994089924189
GWO-WBAN,0.5,29,0.914045676449912
GWO-WBAN,1.0,0,0.8918559227294602
GWO-WBAN,1.0,1,0.9030097307484475
GWO-WBAN,1.0,2,0.8932583385385913
GWO-WBAN,1.0,3,0.9005410191856408
GWO-WBAN,1.0,4,0.8954981867421249
GWO-WBAN,1.0,5,0.8822316664729322
GWO-WBAN,1.0,6,0.8973992500933551
GWO-WBAN,1.0,7,0.8924984949175108
GWO-WBAN,1.0,8,0.8884094024218191
GWO-WBAN,1.0,9,0.8828790316784642
GWO-WBAN,1.0,10,0.8862960251017343
GWO-WBAN,1.0,11,0.8780843137889629
GWO-WBAN,1.0,12,0.8959885526181269
GWO-WBAN,1.0,13,0.8877257441981576
GWO-WBAN,1.0,14,0.8900272481701954
GWO-WBAN,1.0,15,0.8848854517381435
GWO-WBAN,1.0,16,0.8874773373171564
GWO-WBAN,1.0,17,0.8754799290315401
GWO-WBAN,1.0,18,0.8901510879990666
GWO-WBAN,1.0,19,0.8903396425607668
GWO-WBAN,1.0,20,0.8920523280684174
GWO-WBAN,1.0,21,0.8908950325917115
GWO-WBAN,1.0,22,0.8930853403470809
GWO-WBAN,1.0,23,0.8824746342425621
GWO-WBAN,1.0,24,0.8945559796204535
GWO-WBAN,1.0,25,0.901340479234786
GWO-WBAN,1.0,26,0.8886883130585348
GWO-WBAN,1.0,27,0.8897481206083473
GWO-WBAN,1.0,28,0.8997981759431447
GWO-WBAN,1.0,29,0.9015172612986967
GWO-WBAN,1.5,0,0.8825180628139482
GWO-WBAN,1.5,1,0.8783832589626975
GWO-WBAN,1.5,2,0.8710545192459405
GWO-WBAN,1.5,3,0.867982444231256
GWO-WBAN,1.5,4,0.8752952325624636
GWO-WBAN,1.5,5,0.8649442471722674
GWO-WBAN,1.5,6,0.8822166366418975
GWO-WBAN,1.5,7,0.8629660937725465
GWO-WBAN,1.5,8,0.8787962653479426
GWO-WBAN,1.5,9,0.8883433010052396
GWO-WBAN,1.5,10,0.8883584665507065
GWO-WBAN,1.5,11,0.8875808852121073
GWO-WBAN,1.5,12,0.8656291917794812
GWO-WBAN,1.5,13,0.8543613111041861
GWO-WBAN,1.5,14,0.8701138009909481
GWO-WBAN,1.5,15,0.8665109135827277
GWO-WBAN,1.5,16,0.881145354983496
GWO-WBAN,1.5,17,0.8717350016566131
GWO-WBAN,1.5,18,0.8806630464710555
GWO-WBAN,1.5,19,0.8943338635040021
GWO-WBAN,1.5,20,0.8776590148453937
GWO-WBAN,1.5,21,0.85861040538515
GWO-WBAN,1.5,22,0.8930550447032397
GWO-WBAN,1.5,23,0.8642526780734389
GWO-WBAN,1.5,24,0.8782329149077133
GWO-WBAN,1.5,25,0.8784707451846456
GWO-WBAN,1.5,26,0.8800724261295755
GWO-WBAN,1.5,27,0.9042181714729964
GWO-WBAN,1.5,28,0.8629770669444576
GWO-WBAN,1.5,29,0.8997823678215735
GWO-WBAN,2.0,0,0.8449125445168996
GWO-WBAN,2.0,1,0.8502121036632828
GWO-WBAN,2.0,2,0.8629288279781578
GWO-WBAN,2.0,3,0.8548902659023349
GWO-WBAN,2.0,4,0.855223068695749
GWO-WBAN,2.0,5,0.8488871344696434
GWO-WBAN,2.0,6,0.8441854395736248
GWO-WBAN,2.0,7,0.8469415146385556
GWO-WBAN,2.0,8,0.882335096639055
GWO-WBAN,2.0,9,0.8565818323555022
GWO-WBAN,2.0,10,0.8440341589679511
GWO-WBAN,2.0,11,0.8359764997136115
GWO-WBAN,2.0,12,0.8660374562103147
GWO-WBAN,2.0,13,0.860966226926583
GWO-WBAN,2.0,14,0.83842440610016
GWO-WBAN,2.0,15,0.869351887570182
GWO-WBAN,2.0,16,0.8455593101378021
GWO-WBAN,2.0,17,0.8393597258383257
GWO-WBAN,2.0,18,0.8528568978121389
GWO-WBAN,2.0,19,0.8501378795167464
GWO-WBAN,2.0,20,0.8621074439360382
GWO-WBAN,2.0,21,0.8451112101412822
GWO-WBAN,2.0,22,0.8536228595038853
GWO-WBAN,2.0,23,0.8491076743972772
GWO-WBAN,2.0,24,0.8661146061763411
GWO-WBAN,2.0,25,0.8592807315589057
GWO-WBAN,2.0,26,0.8544980439711588
GWO-WBAN,2.0,27,0.859147397174408
GWO-WBAN,2.0,28,0.8445763445819804
GWO-WBAN,2.0,29,0.8403032099661556
GWO-WBAN,2.5,0,0.8417793533604152
GWO-WBAN,2.5,1,0.8282393283475366
GWO-WBAN,2.5,2,0.8224597880189606
GWO-WBAN,2.5,3,0.8354658170929343
GWO-WBAN,2.5,4,0.8485401353364802
GWO-WBAN,2.5,5,0.8333192593188412
GWO-WBAN,2.5,6,0.8276891012150561
GWO-WBAN,2.5,7,0.8287567156347498
GWO-WBAN,2.5,8,0.8510609404901536
GWO-WBAN,2.5,9,0.8426011211088745
GWO-WBAN,2.5,10,0.8081120088781248
GWO-WBAN,2.5,11,0.8383090688637291
GWO-WBAN,2.5,12,0.8223586921748112
GWO-WBAN,2.5,13,0.8376970967798558
GWO-WBAN,2.5,14,0.839273861176432
GWO-WBAN,2.5,15,0.8342707984693555
GWO-WBAN,2.5,16,0.8307399677064301
GWO-WBAN,2.5,17,0.8335565561982735
GWO-WBAN,2.5,18,0.8481288881658868
GWO-WBAN,2.5,19,0.845141855143464
GWO-WBAN,2.5,20,0.853912910324371
GWO-WBAN,2.5,21,0.8622973337274826
GWO-WBAN,2.5,22,0.8437788342485837
GWO-WBAN,2.5,23,0.8219278086279125
GWO-WBAN,2.5,24,0.8240481825131981
GWO-WBAN,2.5,25,0.8474690650243508
GWO-WBAN,2.5,26,0.8468498024985235
GWO-WBAN,2.5,27,0.8376140519753488
GWO-WBAN,2.5,28,0.8350628685686595
GWO-WBAN,2.5,29,0.8233970648286606
GWO-WBAN,3.0,0,0.8310462534213752
GWO-WBAN,3.0,1,0.8161298323175431
GWO-WBAN,3.0,2,0.8127916742507386
GWO-WBAN,3.0,3,0.8144618293034376
GWO-WBAN,3.0,4,0.8085890990235872
GWO-WBAN,3.0,5,0.8029906245097638
GWO-WBAN,3.0,6,0.8142165652510168
GWO-WBAN,3.0,7,0.8343074587330825
GWO-WBAN,3.0,8,0.8216481762379625
GWO-WBAN,3.0,9,0.8185247790533282
GWO-WBAN,3.0,10,0.8252134831206455
GWO-WBAN,3.0,11,0.8065408175655256
GWO-WBAN,3.0,12,0.809453814249447
GWO-WBAN,3.0,13,0.8096813476448915
GWO-WBAN,3.0,14,0.8280514747805067
GWO-WBAN,3.0,15,0.8127559155677707
GWO-WBAN,3.0,16,0.8151547377172161
GWO-WBAN,3.0,17,0.8282606163082958
GWO-WBAN,3.0,18,0.830313450930229
GWO-WBAN,3.0,19,0.8137535136460933
GWO-WBAN,3.0,20,0.8082068312003372
GWO-WBAN,3.0,21,0.8251670087567824
GWO-WBAN,3.0,22,0.8042768824643234
GWO-WBAN,3.0,23,0.8201454614727527
GWO-WBAN,3.0,24,0.8203559352302671
GWO-WBAN,3.0,25,0.8164637260471421
GWO-WBAN,3.0,26,0.8017589962607412
GWO-WBAN,3.0,27,0.8162699235213683
GWO-WBAN,3.0,28,0.8341600902971293
GWO-WBAN,3.0,29,0.8140297889805961
ACO-WBAN,0.0,0,0.9242436369400426
ACO-WBAN,0.0,1,0.9311879210222078
ACO-WBAN,0.0,2,0.9413329372622388
ACO-WBAN,0.0,3,0.9189269593609745
ACO-WBAN,0.0,4,0.9488488311526672
ACO-WBAN,0.0,5,0.906259605730158
ACO-WBAN,0.0,6,0.9451190492799053
ACO-WBAN,0.0,7,0.9136463278568747
ACO-WBAN,0.0,8,0.9309405073327108
ACO-WBAN,0.0,9,0.9180730063703285
ACO-WBAN,0.0,10,0.9176255869843458
ACO-WBAN,0.0,11,0.9489158921910092
ACO-WBAN,0.0,12,0.9196122123836113
ACO-WBAN,0.0,13,0.919533462579748
ACO-WBAN,0.0,14,0.9426603444164355
ACO-WBAN,0.0,15,0.9339315823430343
ACO-WBAN,0.0,16,0.9366922952343378
ACO-WBAN,0.0,17,0.926267900441035
ACO-WBAN,0.0,18,0.9349752382897808
ACO-WBAN,0.0,19,0.9412060571890255
ACO-WBAN,0.0,20,0.9230256435713885
ACO-WBAN,0.0,21,0.9275631839579919
ACO-WBAN,0.0,22,0.9288094589392676
ACO-WBAN,0.0,23,0.9326320037692694
ACO-WBAN,0.0,24,0.9209063292975688
ACO-WBAN,0.0,25,0.9351957567560393
ACO-WBAN,0.0,26,0.9132854198383804
ACO-WBAN,0.0,27,0.9217884428362365
ACO-WBAN,0.0,28,0.9241913905134089
ACO-WBAN,0.0,29,0.9200606534597713
ACO-WBAN,0.5,0,0.9270125792166585
ACO-WBAN,0.5,1,0.9232408709112949
ACO-WBAN,0.5,2,0.8982310939434645
ACO-WBAN,0.5,3,0.9186533580540798
ACO-WBAN,0.5,4,0.9034952422307154
ACO-WBAN,0.5,5,0.9092533185491352
ACO-WBAN,0.5,6,0.8971671954314289
ACO-WBAN,0.5,7,0.9117487925910108
ACO-WBAN,0.5,8,0.902742103744587
ACO-WBAN,0.5,9,0.9203197143302424
ACO-WBAN,0.5,10,0.9069631710199115
ACO-WBAN,0.5,11,0.9203707246362015
ACO-WBAN,0.5,12,0.8941360290905729
ACO-WBAN,0.5,13,0.9109333966569173
ACO-WBAN,0.5,14,0.9133570257511363
ACO-WBAN,0.5,15,0.9014756042479763
ACO-WBAN,0.5,16,0.899837506944696
ACO-WBAN,0.5,17,0.906370703044822
ACO-WBAN,0.5,18,0.8911571493267764
ACO-WBAN,0.5,19,0.9118080770233962
ACO-WBAN,0.5,20,0.9047567568820197
ACO-WBAN,0.5,21,0.8820796993187916
ACO-WBAN,0.5,22,0.9178551609208332
ACO-WBAN,0.5,23,0.9106864287568447
ACO-WBAN,0.5,24,0.9131270633414507
ACO-WBAN,0.5,25,0.9112686360281717
ACO-WBAN,0.5,26,0.9151967741531255
ACO-WBAN,0.5,27,0.9012255210397662
ACO-WBAN,0.5,28,0.9106777002290025
ACO-WBAN,0.5,29,0.9117623132877725
ACO-WBAN,1.0,0,0.8900755588617631
ACO-WBAN,1.0,1,0.8936992619603487
ACO-WBAN,1.0,2,0.8745479471368359
ACO-WBAN,1.0,3,0.8844769746044305
ACO-WBAN,1.0,4,0.8907462736241629
ACO-WBAN,1.0,5,0.8846837675194557
ACO-WBAN,1.0,6,0.8544238266995806
ACO-WBAN,1.0,7,0.8925757509869021
ACO-WBAN,1.0,8,0.8844966251915888
ACO-WBAN,1.0,9,0.8979170111256297
ACO-WBAN,1.0,10,0.8747788127836007
ACO-WBAN,1.0,11,0.886560142934813
ACO-WBAN,1.0,12,0.8939273480625604
ACO-WBAN,1.0,13,0.8987705540090563
ACO-WBAN,1.0,14,0.9000820756896624
ACO-WBAN,1.0,15,0.8978681907657625
ACO-WBAN,1.0,16,0.9029309527876748
ACO-WBAN,1.0,17,0.8857141461114783
ACO-WBAN,1.0,18,0.8888719698098531
ACO-WBAN,1.0,19,0.8902688509699923
ACO-WBAN,1.0,20,0.8739304551542727
ACO-WBAN,1.0,21,0.8957829850410015
ACO-WBAN,1.0,22,0.8763115009823597
ACO-WBAN,1.0,23,0.8957496736999525
ACO-WBAN,1.0,24,0.8758195402888376
ACO-WBAN,1.0,25,0.8916868780128068
ACO-WBAN,1.0,26,0.8762029112661907
ACO-WBAN,1.0,27,0.8895630053485991
ACO-WBAN,1.0,28,0.9027085654891993
ACO-WBAN,1.0,29,0.8913066785488096
ACO-WBAN,1.5,0,0.8465544727148092
ACO-WBAN,1.5,1,0.8782644608718869
ACO-WBAN,1.5,2,0.8711519953316087
ACO-WBAN,1.5,3,0.8688728150110231
ACO-WBAN,1.5,4,0.8650986104903342
ACO-WBAN,1.5,5,0.8737958133523537
ACO-WBAN,1.5,6,0.8697065573045485
ACO-WBAN,1.5,7,0.8774396157174896
ACO-WBAN,1.5,8,0.8802430019644584
ACO-WBAN,1.5,9,0.8839209493890618
ACO-WBAN,1.5,10,0.88817894786357
ACO-WBAN,1.5,11,0.8572593415041277
ACO-WBAN,1.5,12,0.8703381302462067
ACO-WBAN,1.5,13,0.8649743105025914
ACO-WBAN,1.5,14,0.8642679869948249
ACO-WBAN,1.5,15,0.8688560029432709
ACO-WBAN,1.5,16,0.858772421157508
ACO-WBAN,1.5,17,0.8709618879341604
ACO-WBAN,1.5,18,0.8578484505149957
ACO-WBAN,1.5,19,0.8737542752612513
ACO-WBAN,1.5,20,0.8663136359219906
ACO-WBAN,1.5,21,0.8574003179687795
ACO-WBAN,1.5,22,0.8746536201754852
ACO-WBAN,1.5,23,0.8786006027347376
ACO-WBAN,1.5,24,0.8666947323934734
ACO-WBAN,1.5,25,0.8712824886194115
ACO-WBAN,1.5,26,0.8764452774937963
ACO-WBAN,1.5,27,0.8697306267081495
ACO-WBAN,1.5,28,0.8701677904025211
ACO-WBAN,1.5,29,0.8630408527407942
ACO-WBAN,2.0,0,0.8475396135038021
ACO-WBAN,2.0,1,0.846182113049744
ACO-WBAN,2.0,2,0.8476315766728977
ACO-WBAN,2.0,3,0.8457746588896484
ACO-WBAN,2.0,4,0.8573231485537149
ACO-WBAN,2.0,5,0.851503488385314
ACO-WBAN,2.0,6,0.8440576656257989
ACO-WBAN,2.0,7,0.8601779707279452
ACO-WBAN,2.0,8,0.8676326862089069
ACO-WBAN,2.0,9,0.8476845950138365
ACO-WBAN,2.0,10,0.8636908381391799
ACO-WBAN,2.0,11,0.8491105055052784
ACO-WBAN,2.0,12,0.8561605169679914
ACO-WBAN,2.0,13,0.8614949539390171
ACO-WBAN,2.0,14,0.8547560365064099
ACO-WBAN,2.0,15,0.8523407977684039
ACO-WBAN,2.0,16,0.8434446719616024
ACO-WBAN,2.0,17,0.8448697855625502
ACO-WBAN,2.0,18,0.8561582808631469
ACO-WBAN,2.0,19,0.855299944702596
ACO-WBAN,2.0,20,0.8572887450919938
ACO-WBAN,2.0,21,0.8309896309573309
ACO-WBAN,2.0,22,0.8651814374607709
ACO-WBAN,2.0,23,0.8471241136078816
ACO-WBAN,2.0,24,0.8619021870770489
ACO-WBAN,2.0,25,0.8423004566226445
ACO-WBAN,2.0,26,0.8446351209150996
ACO-WBAN,2.0,27,0.8613884276587496
ACO-WBAN,2.0,28,0.8540999541414881
ACO-WBAN,2.0,29,0.8551687647786917
ACO-WBAN,2.5,0,0.8286251277990313
ACO-WBAN,2.5,1,0.8312256239540342
ACO-WBAN,2.5,2,0.8229034400164489
ACO-WBAN,2.5,3,0.8257264318794082
ACO-WBAN,2.5,4,0.83703309037967
ACO-WBAN,2.5,5,0.8330255965298472
ACO-WBAN,2.5,6,0.8403592090036518
ACO-WBAN,2.5,7,0.8456631156347338
ACO-WBAN,2.5,8,0.8447654549423531
ACO-WBAN,2.5,9,0.8408301312000463
ACO-WBAN,2.5,10,0.8170432203261324
ACO-WBAN,2.5,11,0.8253854192481583
ACO-WBAN,2.5,12,0.8284185508308697
ACO-WBAN,2.5,13,0.8264069128353198
ACO-WBAN,2.5,14,0.8296351309513197
ACO-WBAN,2.5,15,0.8282515961177307
ACO-WBAN,2.5,16,0.8248583389109757
ACO-WBAN,2.5,17,0.8405162265113356
ACO-WBAN,2.5,18,0.8301098981479227
ACO-WBAN,2.5,19,0.8208056006992034
ACO-WBAN,2.5,20,0.8256436181349421
ACO-WBAN,2.5,21,0.8398752324630698
ACO-WBAN,2.5,22,0.8375166745496001
ACO-WBAN,2.5,23,0.8300222142086948
ACO-WBAN,2.5,24,0.8188372169495282
ACO-WBAN,2.5,25,0.8319840639212956
ACO-WBAN,2.5,26,0.8399212105029613
ACO-WBAN,2.5,27,0.8321470625422477
ACO-WBAN,2.5,28,0.8294697168290147
ACO-WBAN,2.5,29,0.8105057850549351
ACO-WBAN,3.0,0,0.8030789747367626
ACO-WBAN,3.0,1,0.8015967147747844
ACO-WBAN,3.0,2,0.8202322657620791
ACO-WBAN,3.0,3,0.8212549366204437
ACO-WBAN,3.0,4,0.7932498271110502
ACO-WBAN,3.0,5,0.7955300418842696
ACO-WBAN,3.0,6,0.8128716002709949
ACO-WBAN,3.0,7,0.804288902279322
ACO-WBAN,3.0,8,0.7817797020030388
ACO-WBAN,3.0,9,0.7879351406901075
ACO-WBAN,3.0,10,0.8133302658039986
ACO-WBAN,3.0,11,0.7876823098584144
ACO-WBAN,3.0,12,0.81806862457039
ACO-WBAN,3.0,13,0.8186939355424665
ACO-WBAN,3.0,14,0.8247282459389289
ACO-WBAN,3.0,15,0.7994974891580593
ACO-WBAN,3.0,16,0.8148759478206589
ACO-WBAN,3.0,17,0.8027805906538963
ACO-WBAN,3.0,18,0.8052805817335397
ACO-WBAN,3.0,19,0.788036248040887
ACO-WBAN,3.0,20,0.8089486736892152
ACO-WBAN,3.0,21,0.8259640430221179
ACO-WBAN,3.0,22,0.8217659139722988
ACO-WBAN,3.0,23,0.8301277697928999
ACO-WBAN,3.0,24,0.8043226705527983
ACO-WBAN,3.0,25,0.8024900552306773
ACO-WBAN,3.0,26,0.8062292200978384
ACO-WBAN,3.0,27,0.8049506020316146
ACO-WBAN,3.0,28,0.8092569489527908
ACO-WBAN,3.0,29,0.8268604015352476
M-ATTEMPT,0.0,0,0.9053600543900663
M-ATTEMPT,0.0,1,0.9135528621317321
M-ATTEMPT,0.0,2,0.9205807204082901
M-ATTEMPT,0.0,3,0.9068870379903309
M-ATTEMPT,0.0,4,0.9021077810594259
M-ATTEMPT,0.0,5,0.9093330840133447
M-ATTEMPT,0.0,6,0.9193438648187305
M-ATTEMPT,0.0,7,0.9003745067709433
M-ATTEMPT,0.0,8,0.9247027093351646
M-ATTEMPT,0.0,9,0.9121751065822256
M-ATTEMPT,0.0,10,0.9124444363204074
M-ATTEMPT,0.0,11,0.8976494764327582
M-ATTEMPT,0.0,12,0.9277040104630287
M-ATTEMPT,0.0,13,0.9203845415170842
M-ATTEMPT,0.0,14,0.9051561279919688
M-ATTEMPT,0.0,15,0.9289422254330709
M-ATTEMPT,0.0,16,0.903723305804936
M-ATTEMPT,0.0,17,0.921525407839237
M-ATTEMPT,0.0,18,0.9039822695453695
M-ATTEMPT,0.0,19,0.9020109787773183
M-ATTEMPT,0.0,20,0.90372225895707
M-ATTEMPT,0.0,21,0.9425648842835396
M-ATTEMPT,0.0,22,0.92220853964894
M-ATTEMPT,0.0,23,0.8954523176687083
M-ATTEMPT,0.0,24,0.9234178639937907
M-ATTEMPT,0.0,25,0.924542495616998
M-ATTEMPT,0.0,26,0.9147290079378133
M-ATTEMPT,0.0,27,0.9108567666604529
M-ATTEMPT,0.0,28,0.9138602304392187
M-ATTEMPT,0.0,29,0.9050839377375652
M-ATTEMPT,0.5,0,0.8796207229048856
M-ATTEMPT,0.5,1,0.8600335418380519
M-ATTEMPT,0.5,2,0.8692692884205353
M-ATTEMPT,0.5,3,0.9031924918293533
M-ATTEMPT,0.5,4,0.8754526548768453
M-ATTEMPT,0.5,5,0.8681697713343197
M-ATTEMPT,0.5,6,0.8782722734000239
M-ATTEMPT,0.5,7,0.8905427624534353
M-ATTEMPT,0.5,8,0.8842068681926586
M-ATTEMPT,0.5,9,0.864496532970073
M-ATTEMPT,0.5,10,0.8795963481201556
M-ATTEMPT,0.5,11,0.882356434704859
M-ATTEMPT,0.5,12,0.8774283715471471
M-ATTEMPT,0.5,13,0.869077421582029
M-ATTEMPT,0.5,14,0.8942761939450393
M-ATTEMPT,0.5,15,0.9032045696244577
M-ATTEMPT,0.5,16,0.8977584653456246
M-ATTEMPT,0.5,17,0.8748352907613316
M-ATTEMPT,0.5,18,0.8700574083995504
M-ATTEMPT,0.5,19,0.8875843177672238
M-ATTEMPT,0.5,20,0.87102285349972
M-ATTEMPT,0.5,21,0.8912514644288415
M-ATTEMPT,0.5,22,0.8944632255221754
M-ATTEMPT,0.5,23,0.8745664210270284
M-ATTEMPT,0.5,24,0.8739077669048829
M-ATTEMPT,0.5,25,0.8767309709379342
M-ATTEMPT,0.5,26,0.8749032115164834
M-ATTEMPT,0.5,27,0.8933543924392714
M-ATTEMPT,0.5,28,0.8749645723577688
M-ATTEMPT,0.5,29,0.8871783165721211
M-ATTEMPT,1.0,0,0.8579977395314139
M-ATTEMPT,1.0,1,0.8550861390254284
M-ATTEMPT,1.0,2,0.8708763637967724
M-ATTEMPT,1.0,3,0.8443491136452373
M-ATTEMPT,1.0,4,0.8475263809413125
M-ATTEMPT,1.0,5,0.8406831516068635
M-ATTEMPT,1.0,6,0.8433540416136783
M-ATTEMPT,1.0,7,0.8645510544370292
M-ATTEMPT,1.0,8,0.8531026413532581
M-ATTEMPT,1.0,9,0.8545534424610972
M-ATTEMPT,1.0,10,0.8634611134765611
M-ATTEMPT,1.0,11,0.8603590214517327
M-ATTEMPT,1.0,12,0.8534586384670423
M-ATTEMPT,1.0,13,0.8421057589955427
M-ATTEMPT,1.0,14,0.8708102519841012
M-ATTEMPT,1.0,15,0.8626475528884124
M-ATTEMPT,1.0,16,0.872250552815617
M-ATTEMPT,1.0,17,0.8524863133804861
M-ATTEMPT,1.0,18,0.8494177453256407
M-ATTEMPT,1.0,19,0.8362030116137076
M-ATTEMPT,1.0,20,0.869161485231565
M-ATTEMPT,1.0,21,0.8548298710784773
M-ATTEMPT,1.0,22,0.8701121404034952
M-ATTEMPT,1.0,23,0.8484420638844936
M-ATTEMPT,1.0,24,0.8510042392814652
M-ATTEMPT,1.0,25,0.8396537108716002
M-ATTEMPT,1.0,26,0.8530138066816805
M-ATTEMPT,1.0,27,0.8560449006623246
M-ATTEMPT,1.0,28,0.8572521750347726
M-ATTEMPT,1.0,29,0.8698580634027837
M-ATTEMPT,1.5,0,0.817713093332358
M-ATTEMPT,1.5,1,0.8281997363391866
M-ATTEMPT,1.5,2,0.8199008988988141
M-ATTEMPT,1.5,3,0.8357051643332948
M-ATTEMPT,1.5,4,0.8230710147412693
M-ATTEMPT,1.5,5,0.8193459539300981
M-ATTEMPT,1.5,6,0.8256195486663501
M-ATTEMPT,1.5,7,0.815284174582641
M-ATTEMPT,1.5,8,0.814530406509209
M-ATTEMPT,1.5,9,0.8262141802067825
M-ATTEMPT,1.5,10,0.83257185763304
M-ATTEMPT,1.5,11,0.8401609242529637
M-ATTEMPT,1.5,12,0.8424855048187204
M-ATTEMPT,1.5,13,0.8087093667859938
M-ATTEMPT,1.5,14,0.8183275705969935
M-ATTEMPT,1.5,15,0.8370625858933475
M-ATTEMPT,1.5,16,0.8172072355811496
M-ATTEMPT,1.5,17,0.8268893039233842
M-ATTEMPT,1.5,18,0.8364379535864549
M-ATTEMPT,1.5,19,0.8192923437558458
M-ATTEMPT,1.5,20,0.8228110231967636
M-ATTEMPT,1.5,21,0.8396325852699855
M-ATTEMPT,1.5,22,0.8243291550872295
M-ATTEMPT,1.5,23,0.8292161165244699
M-ATTEMPT,1.5,24,0.8202731873707738
M-ATTEMPT,1.5,25,0.8386130166359783
M-ATTEMPT,1.5,26,0.8275573197865854
M-ATTEMPT,1.5,27,0.8080169512405203
M-ATTEMPT,1.5,28,0.8275509770728408
M-ATTEMPT,1.5,29,0.8236692505186448
M-ATTEMPT,2.0,0,0.8006669647870825
M-ATTEMPT,2.0,1,0.8150658828362036
M-ATTEMPT,2.0,2,0.817085477325274
M-ATTEMPT,2.0,3,0.8055175720733455
M-ATTEMPT,2.0,4,0.8131487653118668
M-ATTEMPT,2.0,5,0.8031144474542561
M-ATTEMPT,2.0,6,0.7949709377555878
M-ATTEMPT,2.0,7,0.7904314313451571
M-ATTEMPT,2.0,8,0.806067041274261
M-ATTEMPT,2.0,9,0.7900653221503589
M-ATTEMPT,2.0,10,0.7928054107272574
M-ATTEMPT,2.0,11,0.7917835452351452
M-ATTEMPT,2.0,12,0.8017076750076046
M-ATTEMPT,2.0,13,0.8006638444028845
M-ATTEMPT,2.0,14,0.7873381756060935
M-ATTEMPT,2.0,15,0.7899148692763067
M-ATTEMPT,2.0,16,0.804582475266957
M-ATTEMPT,2.0,17,0.7890011294556263
M-ATTEMPT,2.0,18,0.8018080194233356
M-ATTEMPT,2.0,19,0.8056784071918821
M-ATTEMPT,2.0,20,0.8100891211847184
M-ATTEMPT,2.0,21,0.7898574993231424
M-ATTEMPT,2.0,22,0.8087763730608696
M-ATTEMPT,2.0,23,0.8013756273303163
M-ATTEMPT,2.0,24,0.8102624299313859
M-ATTEMPT,2.0,25,0.8056315583211712
M-ATTEMPT,2.0,26,0.7882143582855136
M-ATTEMPT,2.0,27,0.7929094853680387
M-ATTEMPT,2.0,28,0.8018742959873724
M-ATTEMPT,2.0,29,0.809807561781738
M-ATTEMPT,2.5,0,0.7845471634676523
M-ATTEMPT,2.5,1,0.769958484079909
M-ATTEMPT,2.5,2,0.7851128765127325
M-ATTEMPT,2.5,3,0.7776226746039504
M-ATTEMPT,2.5,4,0.7710476847056339
M-ATTEMPT,2.5,5,0.7773715033796464
M-ATTEMPT,2.5,6,0.7880778391920884
M-ATTEMPT,2.5,7,0.7783859450597734
M-ATTEMPT,2.5,8,0.7679815781625096
M-ATTEMPT,2.5,9,0.7594217777400599
M-ATTEMPT,2.5,10,0.7623304285756967
M-ATTEMPT,2.5,11,0.8012893491549102
M-ATTEMPT,2.5,12,0.7629447013146138
M-ATTEMPT,2.5,13,0.7806713408246262
M-ATTEMPT,2.5,14,0.7757869101267063
M-ATTEMPT,2.5,15,0.7706854596192394
M-ATTEMPT,2.5,16,0.7836738773272313
M-ATTEMPT,2.5,17,0.7507195114676494
M-ATTEMPT,2.5,18,0.7824759112172974
M-ATTEMPT,2.5,19,0.7652333919099581
M-ATTEMPT,2.5,20,0.7812356158001027
M-ATTEMPT,2.5,21,0.7666403484712246
M-ATTEMPT,2.5,22,0.7875243719757636
M-ATTEMPT,2.5,23,0.7636438130833137
M-ATTEMPT,2.5,24,0.7583547853080045
M-ATTEMPT,2.5,25,0.7687057584754251
M-ATTEMPT,2.5,26,0.7555231852644161
M-ATTEMPT,2.5,27,0.7622280685894564
M-ATTEMPT,2.5,28,0.7816540781162138
M-ATTEMPT,2.5,29,0.7813963053907149
M-ATTEMPT,3.0,0,0.7536682726455678
M-ATTEMPT,3.0,1,0.7341381332705059
M-ATTEMPT,3.0,2,0.7318976453336453
M-ATTEMPT,3.0,3,0.7304847124742588
M-ATTEMPT,3.0,4,0.7490696529494745
M-ATTEMPT,3.0,5,0.7510377692081245
M-ATTEMPT,3.0,6,0.7529162461512812
M-ATTEMPT,3.0,7,0.7473997892880639
M-ATTEMPT,3.0,8,0.7471362378071102
M-ATTEMPT,3.0,9,0.7321552807280162
M-ATTEMPT,3.0,10,0.7367994450830707
M-ATTEMPT,3.0,11,0.7455270893236372
M-ATTEMPT,3.0,12,0.7544433188048136
M-ATTEMPT,3.0,13,0.747551352220263
M-ATTEMPT,3.0,14,0.7275392406362392
M-ATTEMPT,3.0,15,0.7564028267132576
M-ATTEMPT,3.0,16,0.7446361177240244
M-ATTEMPT,3.0,17,0.7519040887806968
M-ATTEMPT,3.0,18,0.7338366996232542
M-ATTEMPT,3.0,19,0.7271974603115976
M-ATTEMPT,3.0,20,0.7428114047984267
M-ATTEMPT,3.0,21,0.7600861059738977
M-ATTEMPT,3.0,22,0.743127342983775
M-ATTEMPT,3.0,23,0.7573890563897304
M-ATTEMPT,3.0,24,0.7643968202136502
M-ATTEMPT,3.0,25,0.7433975920204133
M-ATTEMPT,3.0,26,0.7450295738945361
M-ATTEMPT,3.0,27,0.7426150577227255
M-ATTEMPT,3.0,28,0.7336816650398085
M-ATTEMPT,3.0,29,0.751451753951171
AODV,0.0,0,0.8961723253684704
AODV,0.0,1,0.8870837996091508
AODV,0.0,2,0.8953184436013175
AODV,0.0,3,0.8700519635060975
AODV,0.0,4,0.8873953129389655
AODV,0.0,5,0.8858110394254581
AODV,0.0,6,0.9061312994261083
AODV,0.0,7,0.8910857107188195
AODV,0.0,8,0.901729830457881
AODV,0.0,9,0.8813602063875388
AODV,0.0,10,0.8983802112709484
AODV,0.0,11,0.8918192674746337
AODV,0.0,12,0.8946012928207301
AODV,0.0,13,0.9093766324953545
AODV,0.0,14,0.8849304025763385
AODV,0.0,15,0.8779752760452518
AODV,0.0,16,0.8963809131584468
AODV,0.0,17,0.8778660493477175
AODV,0.0,18,0.894013001259892
AODV,0.0,19,0.8896876680335488
AODV,0.0,20,0.8914074581734903
AODV,0.0,21,0.9066902092355116
AODV,0.0,22,0.8953895080626421
AODV,0.0,23,0.8842299042384123
AODV,0.0,24,0.893100095500858
AODV,0.0,25,0.8801539775460969
AODV,0.0,26,0.898663496158729
AODV,0.0,27,0.9012588999220117
AODV,0.0,28,0.8946364068336556
AODV,0.0,29,0.8981721984641088
AODV,0.5,0,0.8535249537487757
AODV,0.5,1,0.8490708825816119
AODV,0.5,2,0.8348622763265501
AODV,0.5,3,0.8624366502995064
AODV,0.5,4,0.8549725075331268
AODV,0.5,5,0.859977569603676
AODV,0.5,6,0.8496823435193364
AODV,0.5,7,0.8301422567377263
AODV,0.5,8,0.8391162328167651
AODV,0.5,9,0.831952124483311
AODV,0.5,10,0.8513311912464723
AODV,0.5,11,0.8672857136193658
AODV,0.5,12,0.8483134480035038
AODV,0.5,13,0.8563347230392273
AODV,0.5,14,0.8511204701076456
AODV,0.5,15,0.8567097233353596
AODV,0.5,16,0.85131143289967
AODV,0.5,17,0.8499532634669981
AODV,0.5,18,0.8387885152603594
AODV,0.5,19,0.8373725167466416
AODV,0.5,20,0.8527702175342761
AODV,0.5,21,0.8538185678945637
AODV,0.5,22,0.848230224249194
AODV,0.5,23,0.8660826581307052
AODV,0.5,24,0.8439767743100284
AODV,0.5,25,0.8446054520089125
AODV,0.5,26,0.8574673848179228
AODV,0.5,27,0.834353060116263
AODV,0.5,28,0.8517078056661218
AODV,0.5,29,0.8570458453570962
AODV,1.0,0,0.8353300340529952
AODV,1.0,1,0.8050988151662325
AODV,1.0,2,0.7994842761389287
AODV,1.0,3,0.7981327753803535
AODV,1.0,4,0.811431903542856
AODV,1.0,5,0.8172137600548336
AODV,1.0,6,0.8136254301565042
AODV,1.0,7,0.803240650527012
AODV,1.0,8,0.797279731176209
AODV,1.0,9,0.8113292209646
AODV,1.0,10,0.8067083529658523
AODV,1.0,11,0.8168435691183357
AODV,1.0,12,0.8143811243772003
AODV,1.0,13,0.8147955587294149
AODV,1.0,14,0.8022493286870849
AODV,1.0,15,0.8140062438696224
AODV,1.0,16,0.805528775411278
AODV,1.0,17,0.7933444032130114
AODV,1.0,18,0.7973361256202893
AODV,1.0,19,0.7967412284231489
AODV,1.0,20,0.821316297038229
AODV,1.0,21,0.8117003411062943
AODV,1.0,22,0.8130630063599735
AODV,1.0,23,0.785178041879394
AODV,1.0,24,0.8252092347160653
AODV,1.0,25,0.8106840445351039
AODV,1.0,26,0.8051396495781133
AODV,1.0,27,0.8343247065603149
AODV,1.0,28,0.8026770609861408
AODV,1.0,29,0.7893113800335603
AODV,1.5,0,0.752556765304909
AODV,1.5,1,0.757305253007655
AODV,1.5,2,0.7679067606432236
AODV,1.5,3,0.7837961187223401
AODV,1.5,4,0.7593645037992437
AODV,1.5,5,0.7676236389438696
AODV,1.5,6,0.7977194996448008
AODV,1.5,7,0.7753797348564019
AODV,1.5,8,0.7808051468300932
AODV,1.5,9,0.7708029769479778
AODV,1.5,10,0.7690059546431657
AODV,1.5,11,0.7694444447469324
AODV,1.5,12,0.7754550546918201
AODV,1.5,13,0.7733506438122888
AODV,1.5,14,0.7883945171808773
AODV,1.5,15,0.7904108418319474
AODV,1.5,16,0.770971375755207
AODV,1.5,17,0.7863614983289547
AODV,1.5,18,0.7971892231028872
AODV,1.5,19,0.7836017365717032
AODV,1.5,20,0.7861961712675142
AODV,1.5,21,0.7890757054302442
AODV,1.5,22,0.7843175094978533
AODV,1.5,23,0.7749048884222882
AODV,1.5,24,0.769207282737774
AODV,1.5,25,0.7734623785191114
AODV,1.5,26,0.7775806165668733
AODV,1.5,27,0.7632303970121798
AODV,1.5,28,0.779000736089812
AODV,1.5,29,0.7786619666484844
AODV,2.0,0,0.7337305437807572
AODV,2.0,1,0.7240230856256281
AODV,2.0,2,0.7271457253807116
AODV,2.0,3,0.725345943341626
AODV,2.0,4,0.7302107632473294
AODV,2.0,5,0.7275210100304789
AODV,2.0,6,0.7287552360701309
AODV,2.0,7,0.7299039571606621
AODV,2.0,8,0.7169905801474702
AODV,2.0,9,0.7224727865461512
AODV,2.0,10,0.7228196717800471
AODV,2.0,11,0.7343109749282638
AODV,2.0,12,0.732063398640485
AODV,2.0,13,0.742041659031929
AODV,2.0,14,0.7153171300742506
AODV,2.0,15,0.734594214006401
AODV,2.0,16,0.734634868800576
AODV,2.0,17,0.7239143953947904
AODV,2.0,18,0.7244679261918069
AODV,2.0,19,0.7382861816600753
AODV,2.0,20,0.7412766837237574
AODV,2.0,21,0.7367390804933076
AODV,2.0,22,0.7362265797658111
AODV,2.0,23,0.7498845174287417
AODV,2.0,24,0.7164850580062269
AODV,2.0,25,0.7305375139565663
AODV,2.0,26,0.7389523730547811
AODV,2.0,27,0.7299095344961326
AODV,2.0,28,0.7224697997226596
AODV,2.0,29,0.7275989687542377
AODV,2.5,0,0.6912596666343144
AODV,2.5,1,0.6935159857167877
AODV,2.5,2,0.6971606549109839
AODV,2.5,3,0.6900062629633084
AODV,2.5,4,0.6953898864468299
AODV,2.5,5,0.6939320674638867
AODV,2.5,6,0.6884075601403484
AODV,2.5,7,0.679876150947258
AODV,2.5,8,0.6748066835378599
AODV,2.5,9,0.6767724692319613
AODV,2.5,10,0.6932167066236019
AODV,2.5,11,0.6901481536635404
AODV,2.5,12,0.6753995578617945
AODV,2.5,13,0.6894506392995153
AODV,2.5,14,0.7059290172593707
AODV,2.5,15,0.6953028035027617
AODV,2.5,16,0.682913990522302
AODV,2.5,17,0.6923031243546354
AODV,2.5,18,0.6803118477222392
AODV,2.5,19,0.6976208413797218
AODV,2.5,20,0.6750795624948356
AODV,2.5,21,0.6933093728983194
AODV,2.5,22,0.6892924263720469
AODV,2.5,23,0.6928711989623995
AODV,2.5,24,0.6854933488725737
AODV,2.5,25,0.676792523655391
AODV,2.5,26,0.6826515528040682
AODV,2.5,27,0.6884270282509527
AODV,2.5,28,0.6904439107416167
AODV,2.5,29,0.682311214584127
AODV,3.0,0,0.6590334961722778
AODV,3.0,1,0.6619885708659892
AODV,3.0,2,0.6662790969903062
AODV,3.0,3,0.6546446799767877
AODV,3.0,4,0.6530026725356696
AODV,3.0,5,0.6373351974898259
AODV,3.0,6,0.6557616749786787
AODV,3.0,7,0.6329326496749902
AODV,3.0,8,0.638298932699933
AODV,3.0,9,0.6423438297997849
AODV,3.0,10,0.6391222514877053
AODV,3.0,11,0.639921502400929
AODV,3.0,12,0.6665521543908534
AODV,3.0,13,0.6563404213932644
AODV,3.0,14,0.6536352851661426
AODV,3.0,15,0.6502738040757506
AODV,3.0,16,0.6389864177009666
AODV,3.0,17,0.6459383353516758
AODV,3.0,18,0.6411106975099119
AODV,3.0,19,0.6498516451854376
AODV,3.0,20,0.6407756165903478
AODV,3.0,21,0.6588014010467246
AODV,3.0,22,0.6607522560881951
AODV,3.0,23,0.6624968095960082
AODV,3.0,24,0.648280630349777
AODV,3.0,25,0.6422325534127556
AODV,3.0,26,0.6475260771727628
AODV,3.0,27,0.6406107735747687
AODV,3.0,28,0.628248104892902
AODV,3.0,29,0.6482108278142523
