protocol,rate,seed_offset,throughput_kbps
PhysaRoute,5,0,4.289782994762823
PhysaRoute,5,1,4.24274085793448
PhysaRoute,5,2,4.218645080398153
PhysaRoute,5,3,4.302184906441616
PhysaRoute,5,4,4.174399221010826
PhysaRoute,5,5,4.3190469412268655
PhysaRoute,5,6,4.218465719693206
PhysaRoute,5,7,4.086332276211771
PhysaRoute,5,8,4.1949335871578715
PhysaRoute,5,9,4.224164776605829
PhysaRoute,5,10,4.221590540228814
PhysaRoute,5,11,4.272068378422694
PhysaRoute,5,12,4.283228461877565
PhysaRoute,5,13,4.259135099786057
PhysaRoute,5,14,4.1594865145865825
PhysaRoute,5,15,4.292528774554581
PhysaRoute,5,16,4.241394863953952
PhysaRoute,5,17,4.111629470080231
PhysaRoute,5,18,4.1168926099583825
PhysaRoute,5,19,4.195730251972071
PhysaRoute,5,20,4.258620443156213
PhysaRoute,5,21,4.204568627691215
PhysaRoute,5,22,4.307018469272891
PhysaRoute,5,23,4.256675615314258
PhysaRoute,5,24,4.188420111546897
PhysaRoute,5,25,4.2878294301003494
PhysaRoute,5,26,4.090661427110754
PhysaRoute,5,27,4.286124736541091
PhysaRoute,5,28,4.1940530275622185
PhysaRoute,5,29,4.185957071621309
PhysaRoute,10,0,8.362669565899202
PhysaRoute,10,1,8.357265710218647
PhysaRoute,10,2,8.559151785007431
PhysaRoute,10,3,8.32302534637304
PhysaRoute,10,4,8.594237731670793
PhysaRoute,10,5,8.299114061935175
PhysaRoute,10,6,8.225214348445782
PhysaRoute,10,7,8.37765199904394
PhysaRoute,10,8,8.372878219220064
PhysaRoute,10,9,8.427382364864503
PhysaRoute,10,10,8.470901054913941
PhysaRoute,10,11,8.653907234924391
PhysaRoute,10,12,8.491055818920682
PhysaRoute,10,13,8.37675357775377
PhysaRoute,10,14,8.393098204534924
PhysaRoute,10,15,8.57679068914875
PhysaRoute,10,16,8.57363692661028
PhysaRoute,10,17,8.455472531303082
PhysaRoute,10,18,8.480770448427483
PhysaRoute,10,19,8.144488861540259
PhysaRoute,10,20,8.667079213257184
PhysaRoute,10,21,8.566804136551582
PhysaRoute,10,22,8.648001794609868
PhysaRoute,10,23,8.614778130294622
PhysaRoute,10,24,8.433215428072472
PhysaRoute,10,25,8.406225174869505
PhysaRoute,10,26,8.218974659112694
PhysaRoute,10,27,8.372146868704213
PhysaRoute,10,28,8.502408020154958
PhysaRoute,10,29,8.375843658385284
PhysaRoute,20,0,16.768095023656226
PhysaRoute,20,1,16.97495108592562
PhysaRoute,20,2,16.946499551800976
PhysaRoute,20,3,16.550260554493857
PhysaRoute,20,4,16.756750556763475
PhysaRoute,20,5,17.06699868928438
PhysaRoute,20,6,16.99163125816769
PhysaRoute,20,7,16.845768961783854
PhysaRoute,20,8,16.83084820645607
PhysaRoute,20,9,16.89715053362865
PhysaRoute,20,10,16.662803109172717
PhysaRoute,20,11,17.237476499523396
PhysaRoute,20,12,17.293382919295716
PhysaRoute,20,13,17.10214606011433
PhysaRoute,20,14,17.116948155536008
PhysaRoute,20,15,16.920242247177676
PhysaRoute,20,16,16.903493366173343
PhysaRoute,20,17,16.949763669594883
PhysaRoute,20,18,16.875239960699208
PhysaRoute,20,19,16.897802573742695
PhysaRoute,20,20,17.01473858025716
PhysaRoute,20,21,16.765907714829176
PhysaRoute,20,22,16.981656025597566
PhysaRoute,20,23,16.735653290942654
PhysaRoute,20,24,16.674521647899315
PhysaRoute,20,25,17.06327193288007
PhysaRoute,20,26,16.82117281881901
PhysaRoute,20,27,16.55497099676535
PhysaRoute,20,28,16.905350967613572
PhysaRoute,20,29,16.83375480149147
PhysaRoute,40,0,34.84800456947975
PhysaRoute,40,1,33.54682643409741
PhysaRoute,40,2,34.22324105233635
PhysaRoute,40,3,33.543213913629195
PhysaRoute,40,4,33.72955942562648
PhysaRoute,40,5,34.923842874255946
PhysaRoute,40,6,33.506370423783494
PhysaRoute,40,7,33.77929266266534
PhysaRoute,40,8,33.722130164198326
PhysaRoute,40,9,33.64276579624868
PhysaRoute,40,10,34.0944389439789
PhysaRoute,40,11,32.88652590755527
PhysaRoute,40,12,33.76538421238616
PhysaRoute,40,13,33.24230538076793
PhysaRoute,40,14,34.69520057083206
PhysaRoute,40,15,33.87678372746242
PhysaRoute,40,16,33.90766210391729
PhysaRoute,40,17,32.846924857025094
PhysaRoute,40,18,33.71816266672702
PhysaRoute,40,19,32.732158754214055
PhysaRoute,40,20,33.23141769134853
PhysaRoute,40,21,34.189687165366884
PhysaRoute,40,22,34.72083814248357
PhysaRoute,40,23,34.27561551748277
PhysaRoute,40,24,33.79419884009431
PhysaRoute,40,25,34.02945332943631
PhysaRoute,40,26,33.95864512095494
PhysaRoute,40,27,33.3547477813704
PhysaRoute,40,28,33.61672713688547
PhysaRoute,40,29,34.03856466251295
PhysaRoute,80,0,67.82452882217704
PhysaRoute,80,1,67.83933491018735
PhysaRoute,80,2,68.13558643190177
PhysaRoute,80,3,69.45082549029681
PhysaRoute,80,4,67.94176630388142
PhysaRoute,80,5,66.24525540636591
PhysaRoute,80,6,66.88479821592803
PhysaRoute,80,7,66.82386724267825
PhysaRoute,80,8,67.17938880016645
PhysaRoute,80,9,65.3997087893172
PhysaRoute,80,10,67.35785864918954
PhysaRoute,80,11,67.88893877491483
PhysaRoute,80,12,67.36686931369842
PhysaRoute,80,13,68.07253089746517
PhysaRoute,80,14,66.61781210140569
PhysaRoute,80,15,66.73465664704264
PhysaRoute,80,16,68.20799407886021
PhysaRoute,80,17,68.90371022159216
PhysaRoute,80,18,66.47271048341193
PhysaRoute,80,19,66.15576385930179
PhysaRoute,80,20,67.08081572461954
PhysaRoute,80,21,67.18951001223657
PhysaRoute,80,22,67.75438181724566
PhysaRoute,80,23,66.68571119806526
PhysaRoute,80,24,69.19720758157234
PhysaRoute,80,25,69.6657676538439
PhysaRoute,80,26,68.16547544252818
PhysaRoute,80,27,68.61098551127844
PhysaRoute,80,28,68.74027436915014
PhysaRoute,80,29,66.56411442738647
PhysaRoute,120,0,100.33714665385
PhysaRoute,120,1,99.65287830458269
PhysaRoute,120,2,104.0252843442918
PhysaRoute,120,3,100.71533671085302
PhysaRoute,120,4,103.99569126691556
PhysaRoute,120,5,98.92958845074469
PhysaRoute,120,6,101.67026666552746
PhysaRoute,120,7,104.47587681469382
PhysaRoute,120,8,101.11398770580298
PhysaRoute,120,9,100.73064925087583
PhysaRoute,120,10,99.44260298217867
PhysaRoute,120,11,101.50814982706446
PhysaRoute,120,12,101.19313760211733
PhysaRoute,120,13,102.81405413821625
PhysaRoute,120,14,100.05633619123199
PhysaRoute,120,15,98.69283423912647
PhysaRoute,120,16,104.15944838217345
PhysaRoute,120,17,104.16134254576323
PhysaRoute,120,18,101.20806053422208
PhysaRoute,120,19,99.4327712679379
PhysaRoute,120,20,100.39627040219924
PhysaRoute,120,21,101.48680336941587
PhysaRoute,120,22,100.75875311592881
PhysaRoute,120,23,101.1498504992731
PhysaRoute,120,24,100.85872318655592
PhysaRoute,120,25,101.74124127140496
PhysaRoute,120,26,100.3951501054988
PhysaRoute,120,27,100.54694102362846
PhysaRoute,120,28,104.93820807330499
PhysaRoute,120,29,100.52324678681777
PhysaRoute,160,0,138.51524638186825
PhysaRoute,160,1,132.6867823397068
PhysaRoute,160,2,135.1756131143894
PhysaRoute,160,3,139.57181295000117
PhysaRoute,160,4,131.58920013125362
PhysaRoute,160,5,132.82806849543917
PhysaRoute,160,6,135.28677580688546
PhysaRoute,160,7,136.77195500291765
PhysaRoute,160,8,133.86937241500564
PhysaRoute,160,9,138.41855436863975
PhysaRoute,160,10,137.1822295216318
PhysaRoute,160,11,132.97712162993088
PhysaRoute,160,12,134.40838620856567
PhysaRoute,160,13,134.21966707926734
PhysaRoute,160,14,133.6529230324857
PhysaRoute,160,15,137.83944279950342
PhysaRoute,160,16,134.54649078353373
PhysaRoute,160,17,137.29217329146326
PhysaRoute,160,18,132.60543972379304
PhysaRoute,160,19,131.5814148573933
PhysaRoute,160,20,135.8336470032953
PhysaRoute,160,21,131.11832753602525
PhysaRoute,160,22,130.1513989186261
PhysaRoute,160,23,136.39546346619508
PhysaRoute,160,24,130.6403010703488
PhysaRoute,160,25,134.71315645454973
PhysaRoute,160,26,137.75489085543074
PhysaRoute,160,27,133.86281132022523
PhysaRoute,160,28,135.87340423520607
PhysaRoute,160,29,137.02697762287423
PhysaRoute,200,0,136.10759194241024
PhysaRoute,200,1,137.5522752778821
PhysaRoute,200,2,131.57903666973056
PhysaRoute,200,3,134.76383945888398
PhysaRoute,200,4,134.63403051937348
PhysaRoute,200,5,134.07826249845905
PhysaRoute,200,6,135.9548105900856
PhysaRoute,200,7,133.021848941969
PhysaRoute,200,8,133.75119927175285
PhysaRoute,200,9,137.27322997480002
PhysaRoute,200,10,137.35032538390402
PhysaRoute,200,11,137.51744797194544
PhysaRoute,200,12,135.8706751886802
PhysaRoute,200,13,134.7665659950951
PhysaRoute,200,14,135.48983243901776
PhysaRoute,200,15,134.26263738763114
PhysaRoute,200,16,135.57087857718722
PhysaRoute,200,17,135.74955131795215
PhysaRoute,200,18,133.71372725701465
PhysaRoute,200,19,137.09379772251796
PhysaRoute,200,20,135.40026844608616
PhysaRoute,200,21,131.19223873430417
PhysaRoute,200,22,131.8251894086315
PhysaRoute,200,23,133.94942261019344
PhysaRoute,200,24,132.94521174260936
PhysaRoute,200,25,139.01323138045575
PhysaRoute,200,26,135.75491359609777
PhysaRoute,200,27,136.57977132536195
PhysaRoute,200,28,134.71656159358506
PhysaRoute,200,29,137.8871596696371
RL-WBAN,5,0,3.8863622503407935
RL-WBAN,5,1,3.8615033450976584
RL-WBAN,5,2,3.9092671018209844
RL-WBAN,5,3,4.049750540269711
RL-WBAN,5,4,4.014417222842165
RL-WBAN,5,5,4.018276066246122
RL-WBAN,5,6,3.99263934635968
RL-WBAN,5,7,3.996903875520029
RL-WBAN,5,8,3.9377526141200656
RL-WBAN,5,9,4.03328596851577
RL-WBAN,5,10,3.9075352378585197
RL-WBAN,5,11,3.957196201245913
RL-WBAN,5,12,3.8915881647024655
RL-WBAN,5,13,3.9672430462227948
RL-WBAN,5,14,3.826664329831585
RL-WBAN,5,15,4.028818072272106
RL-WBAN,5,16,4.0241003665144355
RL-WBAN,5,17,3.9331017034513764
RL-WBAN,5,18,3.9116061932354373
RL-WBAN,5,19,3.8545203062887676
RL-WBAN,5,20,3.8406445612324003
RL-WBAN,5,21,3.8205739843676785
RL-WBAN,5,22,4.026305011169133
RL-WBAN,5,23,3.969704998841363
RL-WBAN,5,24,3.893844864895268
RL-WBAN,5,25,3.9710024327917393
RL-WBAN,5,26,3.9245821882482432
RL-WBAN,5,27,3.97644597672067
RL-WBAN,5,28,3.9287618325181586
RL-WBAN,5,29,3.92486794270959
RL-WBAN,10,0,7.950733039583311
RL-WBAN,10,1,7.772850408100603
RL-WBAN,10,2,7.658610687511382
RL-WBAN,10,3,7.9764480330072
RL-WBAN,10,4,7.884315928253561
RL-WBAN,10,5,8.126668867548577
RL-WBAN,10,6,7.83644463576629
RL-WBAN,10,7,7.852735309267049
RL-WBAN,10,8,7.801591277519718
RL-WBAN,10,9,7.648617325331083
RL-WBAN,10,10,7.84870506931096
RL-WBAN,10,11,7.931589304390743
RL-WBAN,10,12,7.677231355821276
RL-WBAN,10,13,7.858335538799034
RL-WBAN,10,14,7.8792213803954105
RL-WBAN,10,15,8.219352687290819
RL-WBAN,10,16,7.799101835426258
RL-WBAN,10,17,7.788143539978175
RL-WBAN,10,18,7.714479721330949
RL-WBAN,10,19,8.013678855377925
RL-WBAN,10,20,7.986014561434995
RL-WBAN,10,21,7.941433417902811
RL-WBAN,10,22,7.685137180925114
RL-WBAN,10,23,8.07999976740257
RL-WBAN,10,24,8.09557429972039
RL-WBAN,10,25,7.622086717933026
RL-WBAN,10,26,7.827579196756496
RL-WBAN,10,27,7.7693816877793695
RL-WBAN,10,28,7.83226181872956
RL-WBAN,10,29,7.836651165958367
RL-WBAN,20,0,15.98409978222097
RL-WBAN,20,1,15.61181019300855
RL-WBAN,20,2,15.961679715517498
RL-WBAN,20,3,15.88578414489457
RL-WBAN,20,4,15.293785507680377
RL-WBAN,20,5,15.520261115865395
RL-WBAN,20,6,15.485128303450919
RL-WBAN,20,7,15.568224238871387
RL-WBAN,20,8,15.88614443395404
RL-WBAN,20,9,15.57893978157861
RL-WBAN,20,10,15.722226020911528
RL-WBAN,20,11,15.726718701800877
RL-WBAN,20,12,16.12339688196212
RL-WBAN,20,13,15.78519871814643
RL-WBAN,20,14,16.009720708268233
RL-WBAN,20,15,15.858491360102574
RL-WBAN,20,16,15.820247061096401
RL-WBAN,20,17,15.268887725316464
RL-WBAN,20,18,15.929697505975385
RL-WBAN,20,19,15.683536887192608
RL-WBAN,20,20,15.68292727957202
RL-WBAN,20,21,15.88611026064789
RL-WBAN,20,22,16.023035888762234
RL-WBAN,20,23,15.378528044009647
RL-WBAN,20,24,15.853457219340118
RL-WBAN,20,25,15.712459185630475
RL-WBAN,20,26,15.874929047573369
RL-WBAN,20,27,15.760350237021512
RL-WBAN,20,28,15.584578790922018
RL-WBAN,20,29,16.214724855659682
RL-WBAN,40,0,30.979319320933516
RL-WBAN,40,1,32.823386373408326
RL-WBAN,40,2,31.99066283327405
RL-WBAN,40,3,31.038553274589084
RL-WBAN,40,4,31.085703147540887
RL-WBAN,40,5,31.04454806403297
RL-WBAN,40,6,31.748730457425015
RL-WBAN,40,7,31.576179856978346
RL-WBAN,40,8,31.444539486674188
RL-WBAN,40,9,32.30675158207955
RL-WBAN,40,10,31.395793101763925
RL-WBAN,40,11,30.765105974238992
RL-WBAN,40,12,31.650721253906106
RL-WBAN,40,13,32.24752438233976
RL-WBAN,40,14,30.710015467333445
RL-WBAN,40,15,31.317697989514276
RL-WBAN,40,16,31.440817103844562
RL-WBAN,40,17,31.420935167828443
RL-WBAN,40,18,31.850610232403433
RL-WBAN,40,19,31.522586757253606
RL-WBAN,40,20,30.91057404638507
RL-WBAN,40,21,31.836841912183132
RL-WBAN,40,22,31.95972375463926
RL-WBAN,40,23,31.79353795865212
RL-WBAN,40,24,31.25104506784133
RL-WBAN,40,25,30.82621714641515
RL-WBAN,40,26,31.644126191544625
RL-WBAN,40,27,31.65170016647572
RL-WBAN,40,28,30.35591540252489
RL-WBAN,40,29,30.747630717868844
RL-WBAN,80,0,63.50323414824854
RL-WBAN,80,1,63.57833381535634
RL-WBAN,80,2,63.63397168655243
RL-WBAN,80,3,62.27136227932994
RL-WBAN,80,4,63.21354519878638
RL-WBAN,80,5,62.83113202968452
RL-WBAN,80,6,63.49268584786633
RL-WBAN,80,7,63.17359481696541
RL-WBAN,80,8,61.1680444680003
RL-WBAN,80,9,63.67269231277435
RL-WBAN,80,10,62.96970758994241
RL-WBAN,80,11,63.2880682236118
RL-WBAN,80,12,62.03473234764648
RL-WBAN,80,13,61.303481649980434
RL-WBAN,80,14,62.631787386786996
RL-WBAN,80,15,61.41819087817803
RL-WBAN,80,16,62.934197049279696
RL-WBAN,80,17,61.788588665133105
RL-WBAN,80,18,63.09616381643843
RL-WBAN,80,19,64.46199854923664
RL-WBAN,80,20,62.87071990527765
RL-WBAN,80,21,63.59645776706843
RL-WBAN,80,22,64.3887787936624
RL-WBAN,80,23,62.5784411375754
RL-WBAN,80,24,62.23128098301847
RL-WBAN,80,25,63.20594253926375
RL-WBAN,80,26,63.210002731552436
RL-WBAN,80,27,62.56247190615433
RL-WBAN,80,28,62.90605338490438
RL-WBAN,80,29,62.61747584459889
RL-WBAN,120,0,92.14862943542818
RL-WBAN,120,1,96.42192105010889
RL-WBAN,120,2,95.43182802448666
RL-WBAN,120,3,93.96950011515754
RL-WBAN,120,4,95.35251090497144
RL-WBAN,120,5,94.79128092538816
RL-WBAN,120,6,93.49417928274619
RL-WBAN,120,7,93.96729036729442
RL-WBAN,120,8,92.04482705843554
RL-WBAN,120,9,94.75427552850493
RL-WBAN,120,10,95.56241633060341
RL-WBAN,120,11,93.21094539526032
RL-WBAN,120,12,95.72946408768173
RL-WBAN,120,13,94.58433093466093
RL-WBAN,120,14,94.01767661924325
RL-WBAN,120,15,94.92804424774282
RL-WBAN,120,16,95.3603897614001
RL-WBAN,120,17,96.30642264185616
RL-WBAN,120,18,98.15909968900431
RL-WBAN,120,19,93.03892855708347
RL-WBAN,120,20,95.3733422922868
RL-WBAN,120,21,91.8924732878421
RL-WBAN,120,22,95.31671700626664
RL-WBAN,120,23,94.52227908006427
RL-WBAN,120,24,91.42993264775578
RL-WBAN,120,25,96.91099249197373
RL-WBAN,120,26,94.95964220071227
RL-WBAN,120,27,93.43067324722347
RL-WBAN,120,28,95.28305745893535
RL-WBAN,120,29,93.34215728354417
RL-WBAN,160,0,127.08381140639311
RL-WBAN,160,1,124.70087278967141
RL-WBAN,160,2,124.21660511369781
RL-WBAN,160,3,125.66790150274139
RL-WBAN,160,4,123.52899173562686
RL-WBAN,160,5,127.00947808196067
RL-WBAN,160,6,126.35031946642775
RL-WBAN,160,7,124.25389199736324
RL-WBAN,160,8,128.6770578226612
RL-WBAN,160,9,127.57175353190202
RL-WBAN,160,10,125.17655861278655
RL-WBAN,160,11,128.6028912601585
RL-WBAN,160,12,127.07349632665543
RL-WBAN,160,13,127.30358013634617
RL-WBAN,160,14,125.13702287566475
RL-WBAN,160,15,126.29011156162773
RL-WBAN,160,16,125.8708626831423
RL-WBAN,160,17,124.72872870922278
RL-WBAN,160,18,126.06426253429146
RL-WBAN,160,19,126.70536598918713
RL-WBAN,160,20,122.77509173347914
RL-WBAN,160,21,127.77174144004107
RL-WBAN,160,22,126.97552010852331
RL-WBAN,160,23,124.85285879283258
RL-WBAN,160,24,127.7124288428934
RL-WBAN,160,25,127.67536795233178
RL-WBAN,160,26,122.91500949808426
RL-WBAN,160,27,124.90804606383466
RL-WBAN,160,28,125.7944820466276
RL-WBAN,160,29,124.95232967699823
RL-WBAN,200,0,125.85192129786002
RL-WBAN,200,1,123.65342463727173
RL-WBAN,200,2,125.74096432410231
RL-WBAN,200,3,127.71081980281063
RL-WBAN,200,4,123.06201835704815
RL-WBAN,200,5,125.18101907299219
RL-WBAN,200,6,123.81814149319366
RL-WBAN,200,7,129.59683722064855
RL-WBAN,200,8,126.4737877957101
RL-WBAN,200,9,124.80617928990344
RL-WBAN,200,10,125.64844764366215
RL-WBAN,200,11,126.51003481680655
RL-WBAN,200,12,124.61966936798885
RL-WBAN,200,13,123.32526212018912
RL-WBAN,200,14,123.31590235222127
RL-WBAN,200,15,125.80740867486911
RL-WBAN,200,16,128.06275102544123
RL-WBAN,200,17,124.68595668395297
RL-WBAN,200,18,125.20892041107926
RL-WBAN,200,19,124.83942540100162
RL-WBAN,200,20,129.07290543122545
RL-WBAN,200,21,125.85810514647005
RL-WBAN,200,22,127.06016437451204
RL-WBAN,200,23,125.7706503636096
RL-WBAN,200,24,123.7976560375563
RL-WBAN,200,25,126.3385019404304
RL-WBAN,200,26,127.90036095791692
RL-WBAN,200,27,127.26495089339089
RL-WBAN,200,28,124.9686259015352
RL-WBAN,200,29,126.65517879643193
PZ-2021,5,0,3.7523384953838055
PZ-2021,5,1,3.9284974800232693
PZ-2021,5,2,3.715175800651374
PZ-2021,5,3,3.7415449636864486
PZ-2021,5,4,3.7796940861239405
PZ-2021,5,5,3.7895480631709813
PZ-2021,5,6,3.782804669031195
PZ-2021,5,7,3.8878357376548602
PZ-2021,5,8,3.8147717797827507
PZ-2021,5,9,3.9979870872838825
PZ-2021,5,10,3.812334688614128
PZ-2021,5,11,3.9122810549378317
PZ-2021,5,12,3.8626933417830585
PZ-2021,5,13,3.7140227942909125
PZ-2021,5,14,3.7744785631014417
PZ-2021,5,15,3.8950232687616513
PZ-2021,5,16,3.8812544780554648
PZ-2021,5,17,3.7486507225486223
PZ-2021,5,18,3.8713646786304095
PZ-2021,5,19,3.8767863348209852
PZ-2021,5,20,3.7734887266505837
PZ-2021,5,21,3.803103205330793
PZ-2021,5,22,3.767435449771633
PZ-2021,5,23,3.731085822662159
PZ-2021,5,24,3.7668923970445736
PZ-2021,5,25,3.8060489863118057
PZ-2021,5,26,3.7296497453962854
PZ-2021,5,27,3.794523754103527
PZ-2021,5,28,3.775942018758714
PZ-2021,5,29,3.8673291160407732
PZ-2021,10,0,7.773167532238749
PZ-2021,10,1,7.752064529083143
PZ-2021,10,2,7.599082602376806
PZ-2021,10,3,7.677611010377298
PZ-2021,10,4,7.711074489917239
PZ-2021,10,5,7.757107695630599
PZ-2021,10,6,7.700572731335355
PZ-2021,10,7,7.522476061501651
PZ-2021,10,8,7.650137457599111
PZ-2021,10,9,7.477214843777147
PZ-2021,10,10,7.751004270668696
PZ-2021,10,11,7.556983004144988
PZ-2021,10,12,7.5792662570568705
PZ-2021,10,13,7.597071969695272
PZ-2021,10,14,7.478627209429812
PZ-2021,10,15,7.804834476099062
PZ-2021,10,16,7.671653405293013
PZ-2021,10,17,7.568217524436858
PZ-2021,10,18,7.715968727625598
PZ-2021,10,19,7.8120396088933735
PZ-2021,10,20,7.656070148582088
PZ-2021,10,21,7.672609111303474
PZ-2021,10,22,7.619400772954706
PZ-2021,10,23,7.780999140239985
PZ-2021,10,24,7.703831854076687
PZ-2021,10,25,7.663555775974619
PZ-2021,10,26,7.631511656275471
PZ-2021,10,27,7.650259470835936
PZ-2021,10,28,7.483778657695685
PZ-2021,10,29,7.670510616678593
PZ-2021,20,0,15.22085431275878
PZ-2021,20,1,15.056865738149966
PZ-2021,20,2,15.487291307724147
PZ-2021,20,3,15.165749626165496
PZ-2021,20,4,15.586685057058865
PZ-2021,20,5,14.846440164207124
PZ-2021,20,6,15.230189821211825
PZ-2021,20,7,15.434243268827158
PZ-2021,20,8,15.503291121582455
PZ-2021,20,9,15.078755182012022
PZ-2021,20,10,15.548278866063356
PZ-2021,20,11,15.543005187995341
PZ-2021,20,12,15.433458774730918
PZ-2021,20,13,15.090440127336086
PZ-2021,20,14,15.412089430347804
PZ-2021,20,15,15.569155513145246
PZ-2021,20,16,14.691732078907625
PZ-2021,20,17,15.091582669694008
PZ-2021,20,18,15.847605491392098
PZ-2021,20,19,15.391424907887508
PZ-2021,20,20,15.378988639449975
PZ-2021,20,21,14.985687068753814
PZ-2021,20,22,15.581397625863122
PZ-2021,20,23,15.298282003002456
PZ-2021,20,24,15.402939351064315
PZ-2021,20,25,15.189952690449742
PZ-2021,20,26,15.326015550611283
PZ-2021,20,27,15.026355560659432
PZ-2021,20,28,14.715537284988507
PZ-2021,20,29,14.946130922286681
PZ-2021,40,0,31.33205609557904
PZ-2021,40,1,29.626026513421234
PZ-2021,40,2,30.286038710189427
PZ-2021,40,3,29.885867410840095
PZ-2021,40,4,31.266261809822296
PZ-2021,40,5,29.85120937627184
PZ-2021,40,6,30.0161735707089
PZ-2021,40,7,30.38152145384724
PZ-2021,40,8,30.08854162554957
PZ-2021,40,9,30.458956010099715
PZ-2021,40,10,30.332547118087305
PZ-2021,40,11,30.879077318985786
PZ-2021,40,12,30.41605143024227
PZ-2021,40,13,30.843078950378356
PZ-2021,40,14,30.91414794734885
PZ-2021,40,15,30.294815900062325
PZ-2021,40,16,30.118864052362273
PZ-2021,40,17,30.75823830709633
PZ-2021,40,18,30.301834638275878
PZ-2021,40,19,31.008632125555007
PZ-2021,40,20,31.13645282343444
PZ-2021,40,21,31.331376375861776
PZ-2021,40,22,29.925492151853714
PZ-2021,40,23,31.471321525812403
PZ-2021,40,24,30.429857075910682
PZ-2021,40,25,30.931340497433435
PZ-2021,40,26,30.40878806986193
PZ-2021,40,27,29.55921171286511
PZ-2021,40,28,30.903116977745356
PZ-2021,40,29,30.220372538682355
PZ-2021,80,0,61.45504000357221
PZ-2021,80,1,60.48585324432826
PZ-2021,80,2,61.60221908871013
PZ-2021,80,3,58.18437193591394
PZ-2021,80,4,60.562129265112155
PZ-2021,80,5,60.98003203110323
PZ-2021,80,6,61.785958852572016
PZ-2021,80,7,58.681766300433814
PZ-2021,80,8,63.09184315452789
PZ-2021,80,9,60.68296572817721
PZ-2021,80,10,60.1147376480197
PZ-2021,80,11,59.87205491845488
PZ-2021,80,12,61.83256236720317
PZ-2021,80,13,61.23190500360062
PZ-2021,80,14,61.51185639522017
PZ-2021,80,15,62.48076254496801
PZ-2021,80,16,60.67897707936461
PZ-2021,80,17,62.23125122789748
PZ-2021,80,18,60.91144094711129
PZ-2021,80,19,60.53553841752894
PZ-2021,80,20,59.66624647480842
PZ-2021,80,21,62.05602738331198
PZ-2021,80,22,61.130475776567515
PZ-2021,80,23,61.95338863758491
PZ-2021,80,24,61.128202220021116
PZ-2021,80,25,58.53467437825733
PZ-2021,80,26,60.85402622528262
PZ-2021,80,27,60.895815611554134
PZ-2021,80,28,63.20081163210854
PZ-2021,80,29,60.607937949982876
PZ-2021,120,0,94.29730001588356
PZ-2021,120,1,93.17128028988101
PZ-2021,120,2,93.04424412390675
PZ-2021,120,3,92.9623112502901
PZ-2021,120,4,92.96327871502265
PZ-2021,120,5,91.03088537779608
PZ-2021,120,6,88.93473505941431
PZ-2021,120,7,89.19860067770891
PZ-2021,120,8,88.70758798478464
PZ-2021,120,9,90.34401944739582
PZ-2021,120,10,92.0615183967425
PZ-2021,120,11,91.52455393263487
PZ-2021,120,12,91.14225490253605
PZ-2021,120,13,91.59905673975797
PZ-2021,120,14,91.37324958893586
PZ-2021,120,15,89.64780407293189
PZ-2021,120,16,92.9308805314177
PZ-2021,120,17,90.85284472097007
PZ-2021,120,18,91.79175413163134
PZ-2021,120,19,93.543859069575
PZ-2021,120,20,90.04456649903906
PZ-2021,120,21,89.08272491553879
PZ-2021,120,22,92.02047487783206
PZ-2021,120,23,90.87118447327133
PZ-2021,120,24,88.49360642389959
PZ-2021,120,25,89.06106891751094
PZ-2021,120,26,89.48059821676478
PZ-2021,120,27,92.94049617740814
PZ-2021,120,28,87.79564291574161
PZ-2021,120,29,89.5814360174908
PZ-2021,160,0,123.847666341429
PZ-2021,160,1,119.571553464528
PZ-2021,160,2,120.02784023024473
PZ-2021,160,3,123.27522460988052
PZ-2021,160,4,125.40880771310682
PZ-2021,160,5,117.16585279627715
PZ-2021,160,6,119.85486841149422
PZ-2021,160,7,121.2738487954697
PZ-2021,160,8,123.74511254163488
PZ-2021,160,9,124.42440978814511
PZ-2021,160,10,120.89965767703255
PZ-2021,160,11,121.64558742889182
PZ-2021,160,12,125.5830064513337
PZ-2021,160,13,120.67515228092877
PZ-2021,160,14,123.81645047861363
PZ-2021,160,15,123.97545198502252
PZ-2021,160,16,120.1302367704773
PZ-2021,160,17,118.27273551642888
PZ-2021,160,18,121.3723413304402
PZ-2021,160,19,121.78380356893419
PZ-2021,160,20,125.39068103282126
PZ-2021,160,21,122.75378259364167
PZ-2021,160,22,123.50177157116507
PZ-2021,160,23,124.36882556682811
PZ-2021,160,24,123.02080255245177
PZ-2021,160,25,122.34800637534345
PZ-2021,160,26,120.36154892453344
PZ-2021,160,27,122.13648475718297
PZ-2021,160,28,124.14476567883595
PZ-2021,160,29,121.16275816543691
PZ-2021,200,0,121.8276346592694
PZ-2021,200,1,117.70163858063718
PZ-2021,200,2,120.29060409162295
PZ-2021,200,3,119.16735783351645
PZ-2021,200,4,122.47266965277112
PZ-2021,200,5,118.93170661552148
PZ-2021,200,6,121.90048128649099
PZ-2021,200,7,122.05505485594009
PZ-2021,200,8,121.69507445729568
PZ-2021,200,9,118.48815365698464
PZ-2021,200,10,126.96519660555613
PZ-2021,200,11,118.1055679974935
PZ-2021,200,12,122.8215684977654
PZ-2021,200,13,125.71600823605583
PZ-2021,200,14,117.60336243315567
PZ-2021,200,15,127.68631245484623
PZ-2021,200,16,124.35964425203946
PZ-2021,200,17,121.0937489609064
PZ-2021,200,18,122.74618871382451
PZ-2021,200,19,123.19504441379561
PZ-2021,200,20,120.7390918221197
PZ-2021,200,21,123.24617152812668
PZ-2021,200,22,122.37261705705986
PZ-2021,200,23,120.74067414482755
PZ-2021,200,24,125.14901600369062
PZ-2021,200,25,121.06180934560952
PZ-2021,200,26,122.68076392767266
PZ-2021,200,27,122.58985232133763
PZ-2021,200,28,119.60219010661855
PZ-2021,200,29,118.07104760277807
DARE-IoT,5,0,3.7411994822910875
DARE-IoT,5,1,3.7243210363675234
DARE-IoT,5,2,3.6050957528235283
DARE-IoT,5,3,3.6370759587563297
DARE-IoT,5,4,3.61679679091068
DARE-IoT,5,5,3.6914608896508385
DARE-IoT,5,6,3.6115417272777965
DARE-IoT,5,7,3.740547252184032
DARE-IoT,5,8,3.6518163997909605
DARE-IoT,5,9,3.7186826121378784
DARE-IoT,5,10,3.676525410050384
DARE-IoT,5,11,3.679702690053821
DARE-IoT,5,12,3.708492631259681
DARE-IoT,5,13,3.7359647377734344
DARE-IoT,5,14,3.5977544088133415
DARE-IoT,5,15,3.6803646077638663
DARE-IoT,5,16,3.7693283459424616
DARE-IoT,5,17,3.6505342853783875
DARE-IoT,5,18,3.6694159155696275
DARE-IoT,5,19,3.6112625286173285
DARE-IoT,5,20,3.616454957566286
DARE-IoT,5,21,3.6929175057287216
DARE-IoT,5,22,3.7409149826383037
DARE-IoT,5,23,3.7100929547278065
DARE-IoT,5,24,3.7289895774863098
DARE-IoT,5,25,3.65029856979521
DARE-IoT,5,26,3.6459453443036254
DARE-IoT,5,27,3.7859686893857836
DARE-IoT,5,28,3.6840037703292476
DARE-IoT,5,29,3.754469179116841
DARE-IoT,10,0,7.358272414507446
DARE-IoT,10,1,7.191096554930964
DARE-IoT,10,2,7.183606024586843
DARE-IoT,10,3,7.317259592288377
DARE-IoT,10,4,7.5690737858682375
DARE-IoT,10,5,7.167596928611716
DARE-IoT,10,6,7.31514519581109
DARE-IoT,10,7,7.3211590418456955
DARE-IoT,10,8,7.417521087537156
DARE-IoT,10,9,7.648081769796502
DARE-IoT,10,10,7.5303354269927
DARE-IoT,10,11,7.1188292484561035
DARE-IoT,10,12,7.618312404919399
DARE-IoT,10,13,7.4489720051665635
DARE-IoT,10,14,7.352101148584915
DARE-IoT,10,15,7.483576659797171
DARE-IoT,10,16,7.26972822991845
DARE-IoT,10,17,7.327180521525677
DARE-IoT,10,18,7.271229108114041
DARE-IoT,10,19,7.3602831407314575
DARE-IoT,10,20,7.277070477253924
DARE-IoT,10,21,7.216689751508748
DARE-IoT,10,22,7.4011991364336005
DARE-IoT,10,23,7.316432020785067
DARE-IoT,10,24,7.559986075151201
DARE-IoT,10,25,7.250310311857107
DARE-IoT,10,26,7.270779311583339
DARE-IoT,10,27,7.219381559630961
DARE-IoT,10,28,7.501533067310659
DARE-IoT,10,29,7.334401837751234
DARE-IoT,20,0,14.13659616086873
DARE-IoT,20,1,14.66789597431918
DARE-IoT,20,2,14.957495689915726
DARE-IoT,20,3,14.679644430990027
DARE-IoT,20,4,14.805873261359496
DARE-IoT,20,5,14.37131064505885
DARE-IoT,20,6,14.889121585202291
DARE-IoT,20,7,14.44579892484602
DARE-IoT,20,8,14.613420358019509
DARE-IoT,20,9,14.225883364501971
DARE-IoT,20,10,14.676197086767136
DARE-IoT,20,11,14.469191462678069
DARE-IoT,20,12,14.500704784147507
DARE-IoT,20,13,15.431288469141194
DARE-IoT,20,14,14.990299005367783
DARE-IoT,20,15,14.703624426878434
DARE-IoT,20,16,14.479614884622544
DARE-IoT,20,17,14.899566918873084
DARE-IoT,20,18,14.617297523523069
DARE-IoT,20,19,14.563226157430014
DARE-IoT,20,20,14.683359646084376
DARE-IoT,20,21,14.24799102325524
DARE-IoT,20,22,14.921742784399525
DARE-IoT,20,23,14.811470643536254
DARE-IoT,20,24,14.594894047731808
DARE-IoT,20,25,15.346356932293984
DARE-IoT,20,26,14.908813654763117
DARE-IoT,20,27,14.719410210922488
DARE-IoT,20,28,14.124317278288919
DARE-IoT,20,29,15.52143595440871
DARE-IoT,40,0,29.53126907573731
DARE-IoT,40,1,30.19807089896651
DARE-IoT,40,2,28.831338017858826
DARE-IoT,40,3,29.213650592347985
DARE-IoT,40,4,29.293417570460964
DARE-IoT,40,5,30.307533755916246
DARE-IoT,40,6,29.312296196729367
DARE-IoT,40,7,28.819456823168174
DARE-IoT,40,8,28.733727993701944
DARE-IoT,40,9,29.221833528718548
DARE-IoT,40,10,28.931688035747236
DARE-IoT,40,11,29.959357338959627
DARE-IoT,40,12,29.45861270758487
DARE-IoT,40,13,30.228129032897744
DARE-IoT,40,14,29.043763227925965
DARE-IoT,40,15,29.890382165772177
DARE-IoT,40,16,29.37145641005955
DARE-IoT,40,17,29.531223103573776
DARE-IoT,40,18,28.949978477748992
DARE-IoT,40,19,29.655678718947367
DARE-IoT,40,20,29.004939920927022
DARE-IoT,40,21,30.79208989217579
DARE-IoT,40,22,29.530924982822786
DARE-IoT,40,23,29.294055162843378
DARE-IoT,40,24,29.070705429550372
DARE-IoT,40,25,29.097274754425897
DARE-IoT,40,26,29.729202366069075
DARE-IoT,40,27,29.441659040212855
DARE-IoT,40,28,29.60826659179364
DARE-IoT,40,29,29.680268960235157
DARE-IoT,80,0,58.162348603512605
DARE-IoT,80,1,59.43690669092194
DARE-IoT,80,2,58.05221299752076
DARE-IoT,80,3,57.99999945262703
DARE-IoT,80,4,59.658240128049236
DARE-IoT,80,5,57.17767738232106
DARE-IoT,80,6,58.30326692377125
DARE-IoT,80,7,57.53341981271763
DARE-IoT,80,8,58.96959446454771
DARE-IoT,80,9,58.80622535287674
DARE-IoT,80,10,57.49045590350006
DARE-IoT,80,11,60.11307323374851
DARE-IoT,80,12,57.515439456001914
DARE-IoT,80,13,58.11034760079962
DARE-IoT,80,14,58.349734270398024
DARE-IoT,80,15,59.85495289243389
DARE-IoT,80,16,58.04075213926112
DARE-IoT,80,17,60.48894340637999
DARE-IoT,80,18,59.5427012124271
DARE-IoT,80,19,59.14502691914609
DARE-IoT,80,20,59.2424541485191
DARE-IoT,80,21,59.20047156489919
DARE-IoT,80,22,58.97611359170011
DARE-IoT,80,23,58.088059285325706
DARE-IoT,80,24,59.97371961671934
DARE-IoT,80,25,58.68493124053603
DARE-IoT,80,26,60.43243518614873
DARE-IoT,80,27,59.91263181398016
DARE-IoT,80,28,58.989598050073674
DARE-IoT,80,29,58.58755363406073
DARE-IoT,120,0,89.32563632297557
DARE-IoT,120,1,88.94071563356877
DARE-IoT,120,2,89.21830869178198
DARE-IoT,120,3,88.85992113838199
DARE-IoT,120,4,89.60253661172851
DARE-IoT,120,5,87.03882591825632
DARE-IoT,120,6,88.50929516363283
DARE-IoT,120,7,87.41686685755191
DARE-IoT,120,8,85.93859691384843
DARE-IoT,120,9,89.55062695559823
DARE-IoT,120,10,90.9627915071782
DARE-IoT,120,11,89.08813572056957
DARE-IoT,120,12,87.02537666579522
DARE-IoT,120,13,87.89891928069937
DARE-IoT,120,14,88.40553205633448
DARE-IoT,120,15,87.78099898358948
DARE-IoT,120,16,91.8639562824226
DARE-IoT,120,17,88.40834248021443
DARE-IoT,120,18,90.17202613689649
DARE-IoT,120,19,87.6547724845735
DARE-IoT,120,20,87.56109340513999
DARE-IoT,120,21,85.80407767539415
DARE-IoT,120,22,86.09230703000047
DARE-IoT,120,23,88.73432686226371
DARE-IoT,120,24,90.28768053628976
DARE-IoT,120,25,89.6728449891872
DARE-IoT,120,26,88.4843933487049
DARE-IoT,120,27,87.82482444077093
DARE-IoT,120,28,88.12705881422649
DARE-IoT,120,29,89.67704490716821
DARE-IoT,160,0,125.13270445662025
DARE-IoT,160,1,117.94655327081175
DARE-IoT,160,2,116.99845113891368
DARE-IoT,160,3,118.33164042659023
DARE-IoT,160,4,116.96989773925965
DARE-IoT,160,5,121.07289174318194
DARE-IoT,160,6,120.41401121676273
DARE-IoT,160,7,115.7653856821416
DARE-IoT,160,8,118.79524634671489
DARE-IoT,160,9,119.86411438480883
DARE-IoT,160,10,117.61083082720464
DARE-IoT,160,11,116.52742048079718
DARE-IoT,160,12,115.63365796215403
DARE-IoT,160,13,119.3278307783176
DARE-IoT,160,14,115.1381847662795
DARE-IoT,160,15,116.89120596391992
DARE-IoT,160,16,118.10715663560316
DARE-IoT,160,17,120.79565588182884
DARE-IoT,160,18,122.66270365179243
DARE-IoT,160,19,116.8271416546674
DARE-IoT,160,20,118.75952299459654
DARE-IoT,160,21,120.1445943562773
DARE-IoT,160,22,117.77613730495645
DARE-IoT,160,23,118.66765747559025
DARE-IoT,160,24,118.22443876218436
DARE-IoT,160,25,118.401405199653
DARE-IoT,160,26,122.27805773688294
DARE-IoT,160,27,119.39071170323045
DARE-IoT,160,28,117.02245949648758
DARE-IoT,160,29,122.6884405510474
DARE-IoT,200,0,116.35090394565103
DARE-IoT,200,1,117.93028435846787
DARE-IoT,200,2,119.81399887906782
DARE-IoT,200,3,115.12268350086582
DARE-IoT,200,4,117.18916694768473
DARE-IoT,200,5,120.14997741166574
DARE-IoT,200,6,117.26578956552184
DARE-IoT,200,7,118.12442808485586
DARE-IoT,200,8,118.92205962771693
DARE-IoT,200,9,118.83010244832882
DARE-IoT,200,10,118.01416678682153
DARE-IoT,200,11,119.05456717910926
DARE-IoT,200,12,114.29298014116759
DARE-IoT,200,13,115.21024465503137
DARE-IoT,200,14,118.02067282622728
DARE-IoT,200,15,119.11872953590805
DARE-IoT,200,16,119.66285690948676
DARE-IoT,200,17,120.61333512187062
DARE-IoT,200,18,114.97799319955885
DARE-IoT,200,19,116.72144911578025
DARE-IoT,200,20,115.95194941546468
DARE-IoT,200,21,118.7707849719983
DARE-IoT,200,22,119.37762528163003
DARE-IoT,200,23,119.50729074894998
DARE-IoT,200,24,118.22706797087352
DARE-IoT,200,25,118.09453014453592
DARE-IoT,200,26,113.7466114406448
DARE-IoT,200,27,119.79151526986642
DARE-IoT,200,28,118.82906669710128
DARE-IoT,200,29,114.06125944658609
PSO-Energy,5,0,3.644241177756638
PSO-Energy,5,1,3.50956552293064
PSO-Energy,5,2,3.52497453019159
PSO-Energy,5,3,3.5871517576899765
PSO-Energy,5,4,3.5149077432609515
PSO-Energy,5,5,3.4849302151073793
PSO-Energy,5,6,3.4292824960342823
PSO-Energy,5,7,3.486928964711882
PSO-Energy,5,8,3.5888361731939997
PSO-Energy,5,9,3.437123800695256
PSO-Energy,5,10,3.462169171837044
PSO-Energy,5,11,3.553268244735964
PSO-Energy,5,12,3.5031082866559826
PSO-Energy,5,13,3.4632640153284657
PSO-Energy,5,14,3.4574096704450414
PSO-Energy,5,15,3.5204579978522488
PSO-Energy,5,16,3.444705006597428
PSO-Energy,5,17,3.4932925463191697
PSO-Energy,5,18,3.418290914289088
PSO-Energy,5,19,3.4804787219852593
PSO-Energy,5,20,3.5694388423276595
PSO-Energy,5,21,3.506932750753094
PSO-Energy,5,22,3.4882751190443058
PSO-Energy,5,23,3.462888102590456
PSO-Energy,5,24,3.640644064972314
PSO-Energy,5,25,3.485652921636155
PSO-Energy,5,26,3.600100227261426
PSO-Energy,5,27,3.5950275321959047
PSO-Energy,5,28,3.5185474828095127
PSO-Energy,5,29,3.6019051535414013
PSO-Energy,10,0,7.113926618451449
PSO-Energy,10,1,7.343144185902741
PSO-Energy,10,2,7.118178808512719
PSO-Energy,10,3,6.92963555257842
PSO-Energy,10,4,7.083666531158309
PSO-Energy,10,5,7.258797639694775
PSO-Energy,10,6,7.011376674309763
PSO-Energy,10,7,6.987816445768847
PSO-Energy,10,8,6.971949658082284
PSO-Energy,10,9,6.876551979603329
PSO-Energy,10,10,7.020329647129271
PSO-Energy,10,11,7.017375237685421
PSO-Energy,10,12,7.102084697857312
PSO-Energy,10,13,7.241870207454016
PSO-Energy,10,14,6.972934465867382
PSO-Energy,10,15,7.065861305665544
PSO-Energy,10,16,7.196773681804484
PSO-Energy,10,17,7.200986639158041
PSO-Energy,10,18,6.905321724925786
PSO-Energy,10,19,6.995162771973891
PSO-Energy,10,20,6.982531006365577
PSO-Energy,10,21,6.886095372112851
PSO-Energy,10,22,6.806631704182955
PSO-Energy,10,23,6.904050263709348
PSO-Energy,10,24,7.225429239620779
PSO-Energy,10,25,7.042578236067024
PSO-Energy,10,26,6.941595813378078
PSO-Energy,10,27,7.032213943036832
PSO-Energy,10,28,7.058862287393379
PSO-Energy,10,29,6.850304063554915
PSO-Energy,20,0,13.87234704883556
PSO-Energy,20,1,13.820180145953927
PSO-Energy,20,2,13.992130606279412
PSO-Energy,20,3,14.175842537029922
PSO-Energy,20,4,13.915841629382582
PSO-Energy,20,5,14.059978524540776
PSO-Energy,20,6,13.76634010376481
PSO-Energy,20,7,13.881477027497226
PSO-Energy,20,8,13.973810012980437
PSO-Energy,20,9,14.576408372923282
PSO-Energy,20,10,14.104950726380467
PSO-Energy,20,11,14.167426386686833
PSO-Energy,20,12,14.223556237343374
PSO-Energy,20,13,14.445966146224938
PSO-Energy,20,14,13.631018512398304
PSO-Energy,20,15,14.050030311132401
PSO-Energy,20,16,14.41261554721429
PSO-Energy,20,17,14.18973935340792
PSO-Energy,20,18,14.15728180611587
PSO-Energy,20,19,14.143849808008781
PSO-Energy,20,20,14.373390869599188
PSO-Energy,20,21,13.53631079899518
PSO-Energy,20,22,13.956170665939656
PSO-Energy,20,23,13.797739410123109
PSO-Energy,20,24,13.615486368256834
PSO-Energy,20,25,13.972653115303277
PSO-Energy,20,26,14.153470320413415
PSO-Energy,20,27,13.96592813922077
PSO-Energy,20,28,13.912536214236834
PSO-Energy,20,29,14.166335446189574
PSO-Energy,40,0,28.486505358443885
PSO-Energy,40,1,27.26829521769872
PSO-Energy,40,2,29.11984334234458
PSO-Energy,40,3,27.8606003157407
PSO-Energy,40,4,28.556750517068032
PSO-Energy,40,5,27.260924991745735
PSO-Energy,40,6,28.458016005470537
PSO-Energy,40,7,28.088085594320827
PSO-Energy,40,8,26.834313597842065
PSO-Energy,40,9,27.525293900732603
PSO-Energy,40,10,28.100007492400643
PSO-Energy,40,11,27.79164103188398
PSO-Energy,40,12,28.075449048836358
PSO-Energy,40,13,27.930762595221683
PSO-Energy,40,14,27.788827361450384
PSO-Energy,40,15,28.12523128691361
PSO-Energy,40,16,27.842313783774387
PSO-Energy,40,17,27.62747654843599
PSO-Energy,40,18,27.179033652390213
PSO-Energy,40,19,26.967791600438197
PSO-Energy,40,20,27.41997075741391
PSO-Energy,40,21,27.29679563493942
PSO-Energy,40,22,27.496703518173668
PSO-Energy,40,23,28.174639957113953
PSO-Energy,40,24,28.217019953043426
PSO-Energy,40,25,27.745050769143724
PSO-Energy,40,26,28.203538329782734
PSO-Energy,40,27,28.222677495953473
PSO-Energy,40,28,28.10033012160461
PSO-Energy,40,29,27.75064154802749
PSO-Energy,80,0,57.98471448316022
PSO-Energy,80,1,56.22018265460965
PSO-Energy,80,2,55.211428198403055
PSO-Energy,80,3,55.60094780424991
PSO-Energy,80,4,55.16362784028027
PSO-Energy,80,5,57.07116888060685
PSO-Energy,80,6,54.487480914778615
PSO-Energy,80,7,57.72751154269644
PSO-Energy,80,8,57.673772718275785
PSO-Energy,80,9,57.219245236782754
PSO-Energy,80,10,55.523071855353706
PSO-Energy,80,11,56.07384112502601
PSO-Energy,80,12,57.27139013487636
PSO-Energy,80,13,56.07914820000308
PSO-Energy,80,14,55.04634254373895
PSO-Energy,80,15,56.78414225434507
PSO-Energy,80,16,55.18320084300615
PSO-Energy,80,17,57.68256114200358
PSO-Energy,80,18,55.900580693991174
PSO-Energy,80,19,54.292734503079664
PSO-Energy,80,20,56.185107245271766
PSO-Energy,80,21,56.377507287357865
PSO-Energy,80,22,55.62507771543485
PSO-Energy,80,23,55.64116324795221
PSO-Energy,80,24,56.792768511544296
PSO-Energy,80,25,55.383942537275225
PSO-Energy,80,26,54.43352001332687
PSO-Energy,80,27,56.44714390569311
PSO-Energy,80,28,55.436909877155855
PSO-Energy,80,29,55.157576900756446
PSO-Energy,120,0,83.67193809397676
PSO-Energy,120,1,84.21226295587877
PSO-Energy,120,2,84.19428487798656
PSO-Energy,120,3,83.94991174624509
PSO-Energy,120,4,85.65875641229772
PSO-Energy,120,5,83.50659242038162
PSO-Energy,120,6,82.58140350409133
PSO-Energy,120,7,83.43234235054419
PSO-Energy,120,8,85.7203300901726
PSO-Energy,120,9,83.72774604362031
PSO-Energy,120,10,83.7146455046224
PSO-Energy,120,11,84.64073763249247
PSO-Energy,120,12,85.8964956909299
PSO-Energy,120,13,84.89723718580899
PSO-Energy,120,14,84.3337404750139
PSO-Energy,120,15,84.02309140199753
PSO-Energy,120,16,82.6720291129308
PSO-Energy,120,17,82.84360228162937
PSO-Energy,120,18,85.3596253482398
PSO-Energy,120,19,80.13412426363485
PSO-Energy,120,20,83.88015558335599
PSO-Energy,120,21,83.98084462317715
PSO-Energy,120,22,81.72704555710467
PSO-Energy,120,23,84.5662745650238
PSO-Energy,120,24,82.01612205078932
PSO-Energy,120,25,83.59288768586295
PSO-Energy,120,26,83.68795045948697
PSO-Energy,120,27,83.2601605347478
PSO-Energy,120,28,85.71460171905133
PSO-Energy,120,29,85.26521466528304
PSO-Energy,160,0,111.94995266231795
PSO-Energy,160,1,112.44848796152586
PSO-Energy,160,2,111.45437473079808
PSO-Energy,160,3,110.53427391243322
PSO-Energy,160,4,108.27303628983096
PSO-Energy,160,5,112.51044889547391
PSO-Energy,160,6,113.58710838357752
PSO-Energy,160,7,112.61646944351138
PSO-Energy,160,8,114.7919792420399
PSO-Energy,160,9,110.2097194173089
PSO-Energy,160,10,112.81596701392658
PSO-Energy,160,11,111.2599162336615
PSO-Energy,160,12,111.06629596067252
PSO-Energy,160,13,111.04339711282269
PSO-Energy,160,14,113.8717584484797
PSO-Energy,160,15,117.06861039335136
PSO-Energy,160,16,112.81518523422285
PSO-Energy,160,17,113.6204564430281
PSO-Energy,160,18,112.8642496216708
PSO-Energy,160,19,115.93163481454786
PSO-Energy,160,20,109.63461473951489
PSO-Energy,160,21,114.65601827775856
PSO-Energy,160,22,109.18811961858664
PSO-Energy,160,23,112.37849133907848
PSO-Energy,160,24,110.12067633457481
PSO-Energy,160,25,113.32582007869362
PSO-Energy,160,26,112.03185053147266
PSO-Energy,160,27,108.85782943168434
PSO-Energy,160,28,109.9719664813522
PSO-Energy,160,29,109.1716975532298
PSO-Energy,200,0,111.88434591483019
PSO-Energy,200,1,112.27035238643987
PSO-Energy,200,2,113.19300677258643
PSO-Energy,200,3,110.34814504239316
PSO-Energy,200,4,115.6696527178718
PSO-Energy,200,5,112.36851341262405
PSO-Energy,200,6,112.68479642155461
PSO-Energy,200,7,109.51791273060442
PSO-Energy,200,8,110.3539234389119
PSO-Energy,200,9,109.42253298312187
PSO-Energy,200,10,111.38032464371292
PSO-Energy,200,11,114.87765170838824
PSO-Energy,200,12,110.92851630346857
PSO-Energy,200,13,110.43492067845301
PSO-Energy,200,14,113.1665248831596
PSO-Energy,200,15,113.57294039287028
PSO-Energy,200,16,113.2998689043395
PSO-Energy,200,17,112.32636278032062
PSO-Energy,200,18,106.68049928443239
PSO-Energy,200,19,113.58590835449152
PSO-Energy,200,20,112.97956220220192
PSO-Energy,200,21,112.3131511732762
PSO-Energy,200,22,110.71946227470129
PSO-Energy,200,23,111.82528876782999
PSO-Energy,200,24,111.89523200598096
PSO-Energy,200,25,115.25264052901782
PSO-Energy,200,26,110.67165655620411
PSO-Energy,200,27,110.11715953526878
PSO-Energy,200,28,111.04101394789761
PSO-Energy,200,29,110.1656365689926
GWO-WBAN,5,0,3.4271620990626737
GWO-WBAN,5,1,3.4074275199853465
GWO-WBAN,5,2,3.5110551041804414
GWO-WBAN,5,3,3.508876470079239
GWO-WBAN,5,4,3.453966953870935
GWO-WBAN,5,5,3.532317051359855
GWO-WBAN,5,6,3.5535044151183626
GWO-WBAN,5,7,3.533415786317069
GWO-WBAN,5,8,3.4884243526434604
GWO-WBAN,5,9,3.4563056332973945
GWO-WBAN,5,10,3.3794775844313785
GWO-WBAN,5,11,3.478084730896452
GWO-WBAN,5,12,3.433425340032985
GWO-WBAN,5,13,3.5002010174840485
GWO-WBAN,5,14,3.5278021509212234
GWO-WBAN,5,15,3.3424189377993927
GWO-WBAN,5,16,3.4261321197349193
GWO-WBAN,5,17,3.4184816651686054
GWO-WBAN,5,18,3.4799354415603703
GWO-WBAN,5,19,3.5568287284227034
GWO-WBAN,5,20,3.558056479273081
GWO-WBAN,5,21,3.3154683321522955
GWO-WBAN,5,22,3.367907204707623
GWO-WBAN,5,23,3.462949368800385
GWO-WBAN,5,24,3.424793433237792
GWO-WBAN,5,25,3.5220386774852632
GWO-WBAN,5,26,3.4239298924134647
GWO-WBAN,5,27,3.527421050131917
GWO-WBAN,5,28,3.4044266418102436
GWO-WBAN,5,29,3.4422570666411545
GWO-WBAN,10,0,7.138384424991294
GWO-WBAN,10,1,7.114053452625953
GWO-WBAN,10,2,7.072210310842374
GWO-WBAN,10,3,6.927749575495911
GWO-WBAN,10,4,6.878033616546954
GWO-WBAN,10,5,7.051626200498616
GWO-WBAN,10,6,7.0085489984209435
GWO-WBAN,10,7,7.069538483397153
GWO-WBAN,10,8,6.707659032302451
GWO-WBAN,10,9,6.862453894740109
GWO-WBAN,10,10,7.014339754562767
GWO-WBAN,10,11,6.947415393881245
GWO-WBAN,10,12,6.882533589238452
GWO-WBAN,10,13,6.625632965522545
GWO-WBAN,10,14,7.096555390375885
GWO-WBAN,10,15,6.713961603741342
GWO-WBAN,10,16,6.951778043148
GWO-WBAN,10,17,7.035513569730075
GWO-WBAN,10,18,6.906880709989335
GWO-WBAN,10,19,7.019244416454631
GWO-WBAN,10,20,6.978445533715392
GWO-WBAN,10,21,6.871852666029597
GWO-WBAN,10,22,6.789377619210084
GWO-WBAN,10,23,6.7145190701838455
GWO-WBAN,10,24,7.00556180272614
GWO-WBAN,10,25,7.101199593285786
GWO-WBAN,10,26,6.895340432282891
GWO-WBAN,10,27,6.694699568565654
GWO-WBAN,10,28,6.997733823943873
GWO-WBAN,10,29,6.713324889061854
GWO-WBAN,20,0,13.673726716325893
GWO-WBAN,20,1,13.603031257486212
GWO-WBAN,20,2,13.902675289509094
GWO-WBAN,20,3,13.74979673604997
GWO-WBAN,20,4,13.7893455681263
GWO-WBAN,20,5,13.815660466587735
GWO-WBAN,20,6,13.951172468891869
GWO-WBAN,20,7,13.850587097031665
GWO-WBAN,20,8,13.621436367175223
GWO-WBAN,20,9,14.341718545147494
GWO-WBAN,20,10,13.790111377217588
GWO-WBAN,20,11,13.948238331553537
GWO-WBAN,20,12,14.00759406164076
GWO-WBAN,20,13,13.848842454482385
GWO-WBAN,20,14,13.535966643840686
GWO-WBAN,20,15,14.040795181747123
GWO-WBAN,20,16,13.447784637192138
GWO-WBAN,20,17,14.126187770611654
GWO-WBAN,20,18,13.429360832690705
GWO-WBAN,20,19,13.337578864973876
GWO-WBAN,20,20,13.86036620052311
GWO-WBAN,20,21,13.964234151383055
GWO-WBAN,20,22,13.982289560060664
GWO-WBAN,20,23,13.996881726630546
GWO-WBAN,20,24,14.098801727073585
GWO-WBAN,20,25,13.892766997944586
GWO-WBAN,20,26,13.938583117918062
GWO-WBAN,20,27,13.599477002719512
GWO-WBAN,20,28,13.54731535499996
GWO-WBAN,20,29,13.948282408696695
GWO-WBAN,40,0,28.825814494832038
GWO-WBAN,40,1,26.70110572640207
GWO-WBAN,40,2,28.81850956578976
GWO-WBAN,40,3,28.346448218382758
GWO-WBAN,40,4,26.85418715563068
GWO-WBAN,40,5,26.95327097677862
GWO-WBAN,40,6,27.776821312263895
GWO-WBAN,40,7,27.88378522351007
GWO-WBAN,40,8,27.572742114306305
GWO-WBAN,40,9,27.361565756390988
GWO-WBAN,40,10,27.674298955020266
GWO-WBAN,40,11,27.43035078153524
GWO-WBAN,40,12,27.603638344296602
GWO-WBAN,40,13,27.53996141777893
GWO-WBAN,40,14,27.87876320526871
GWO-WBAN,40,15,27.655122287237287
GWO-WBAN,40,16,27.21133842666358
GWO-WBAN,40,17,26.981498407928147
GWO-WBAN,40,18,27.233182612188013
GWO-WBAN,40,19,27.31571814885603
GWO-WBAN,40,20,28.608470075412193
GWO-WBAN,40,21,27.290226308109286
GWO-WBAN,40,22,27.646821097479215
GWO-WBAN,40,23,28.420619538199794
GWO-WBAN,40,24,27.49651690774929
GWO-WBAN,40,25,27.453166467707817
GWO-WBAN,40,26,28.647365858196377
GWO-WBAN,40,27,27.552332400393098
GWO-WBAN,40,28,26.94326232226924
GWO-WBAN,40,29,28.429286208871314
GWO-WBAN,80,0,56.44099603589337
GWO-WBAN,80,1,56.722000330379245
GWO-WBAN,80,2,54.45443440756632
GWO-WBAN,80,3,55.32150692029627
GWO-WBAN,80,4,55.21995239174096
GWO-WBAN,80,5,55.1189835519174
GWO-WBAN,80,6,55.05448906774999
GWO-WBAN,80,7,56.91324518548592
GWO-WBAN,80,8,55.58737395176398
GWO-WBAN,80,9,57.42052141128467
GWO-WBAN,80,10,54.27281350116916
GWO-WBAN,80,11,53.62087005120262
GWO-WBAN,80,12,56.575495489233624
GWO-WBAN,80,13,54.29282663872669
GWO-WBAN,80,14,54.349179112106725
GWO-WBAN,80,15,56.63832632893342
GWO-WBAN,80,16,57.555419949275176
GWO-WBAN,80,17,54.17885621364361
GWO-WBAN,80,18,56.029462141314596
GWO-WBAN,80,19,55.00194759976357
GWO-WBAN,80,20,54.987113212660915
GWO-WBAN,80,21,55.286610300836585
GWO-WBAN,80,22,56.38895660623329
GWO-WBAN,80,23,54.98386456403405
GWO-WBAN,80,24,55.51096383993734
GWO-WBAN,80,25,55.939245674951174
GWO-WBAN,80,26,54.13364495999547
GWO-WBAN,80,27,56.00654403820985
GWO-WBAN,80,28,57.970887637743466
GWO-WBAN,80,29,54.23263986942745
GWO-WBAN,120,0,81.46664830612711
GWO-WBAN,120,1,81.75794495048723
GWO-WBAN,120,2,80.96981264106587
GWO-WBAN,120,3,86.94460901207857
GWO-WBAN,120,4,80.02608549124672
GWO-WBAN,120,5,84.26588737031284
GWO-WBAN,120,6,82.25013494161283
GWO-WBAN,120,7,83.84578937828249
GWO-WBAN,120,8,79.46122130341152
GWO-WBAN,120,9,84.57143885252822
GWO-WBAN,120,10,82.47721618744116
GWO-WBAN,120,11,83.22324936853786
GWO-WBAN,120,12,84.17571822618845
GWO-WBAN,120,13,82.11591291693347
GWO-WBAN,120,14,83.98085908950817
GWO-WBAN,120,15,81.07446112910418
GWO-WBAN,120,16,84.27732144885802
GWO-WBAN,120,17,80.25596106174353
GWO-WBAN,120,18,83.33598657490249
GWO-WBAN,120,19,84.1592752696769
GWO-WBAN,120,20,82.86839684463965
GWO-WBAN,120,21,83.09663516009542
GWO-WBAN,120,22,84.43302118882019
GWO-WBAN,120,23,82.75029533960021
GWO-WBAN,120,24,82.09987475927994
GWO-WBAN,120,25,84.65129064339186
GWO-WBAN,120,26,82.22700280495462
GWO-WBAN,120,27,82.70364729338814
GWO-WBAN,120,28,83.27800179709807
GWO-WBAN,120,29,84.43704632264442
GWO-WBAN,160,0,109.9551882334047
GWO-WBAN,160,1,109.98222988323897
GWO-WBAN,160,2,110.78225919518417
GWO-WBAN,160,3,109.98493914713004
GWO-WBAN,160,4,108.18575775448902
GWO-WBAN,160,5,110.0213930352798
GWO-WBAN,160,6,107.55333915017273
GWO-WBAN,160,7,111.63233226281876
GWO-WBAN,160,8,107.540776202133
GWO-WBAN,160,9,107.8139181193201
GWO-WBAN,160,10,110.9418621721785
GWO-WBAN,160,11,107.66744683119583
GWO-WBAN,160,12,109.31281406962746
GWO-WBAN,160,13,109.9387357572725
GWO-WBAN,160,14,108.04514381512122
GWO-WBAN,160,15,115.127832086262
GWO-WBAN,160,16,109.931101288507
GWO-WBAN,160,17,110.18892693491536
GWO-WBAN,160,18,109.5912261346758
GWO-WBAN,160,19,109.42938584237633
GWO-WBAN,160,20,111.13731424915147
GWO-WBAN,160,21,109.4498370109528
GWO-WBAN,160,22,113.55161752772767
GWO-WBAN,160,23,111.13217566935744
GWO-WBAN,160,24,110.06430422159488
GWO-WBAN,160,25,110.49354856153433
GWO-WBAN,160,26,110.7671855364774
GWO-WBAN,160,27,108.748879136488
GWO-WBAN,160,28,113.27998341537257
GWO-WBAN,160,29,111.10014243602512
GWO-WBAN,200,0,114.47028885858383
GWO-WBAN,200,1,111.07897234212018
GWO-WBAN,200,2,110.28525418142458
GWO-WBAN,200,3,108.87697433755342
GWO-WBAN,200,4,110.80960453078677
GWO-WBAN,200,5,113.54546445492845
GWO-WBAN,200,6,110.52919778479183
GWO-WBAN,200,7,111.5219461222217
GWO-WBAN,200,8,108.98312422613239
GWO-WBAN,200,9,110.37359497007043
GWO-WBAN,200,10,111.54515410055014
GWO-WBAN,200,11,111.26322986278394
GWO-WBAN,200,12,110.450219151014
GWO-WBAN,200,13,114.32215149577198
GWO-WBAN,200,14,115.91586025313671
GWO-WBAN,200,15,110.40968637269108
GWO-WBAN,200,16,111.76621486102846
GWO-WBAN,200,17,110.69163525292487
GWO-WBAN,200,18,113.05133448463668
GWO-WBAN,200,19,111.04905128546204
GWO-WBAN,200,20,109.23900783300498
GWO-WBAN,200,21,107.903507244711
GWO-WBAN,200,22,109.46093117238672
GWO-WBAN,200,23,114.05548673500971
GWO-WBAN,200,24,110.82005907611088
GWO-WBAN,200,25,108.19938982089262
GWO-WBAN,200,26,111.04163199574553
GWO-WBAN,200,27,108.11702737138337
GWO-WBAN,200,28,108.2497748563602
GWO-WBAN,200,29,109.86465018893632
ACO-WBAN,5,0,3.4060104161243654
ACO-WBAN,5,1,3.4573196820930625
ACO-WBAN,5,2,3.3284604919303473
ACO-WBAN,5,3,3.4198351322966736
ACO-WBAN,5,4,3.4262850110698837
ACO-WBAN,5,5,3.3742074740790127
ACO-WBAN,5,6,3.437374044420857
ACO-WBAN,5,7,3.3459462029142557
ACO-WBAN,5,8,3.302827705416658
ACO-WBAN,5,9,3.360410038189364
ACO-WBAN,5,10,3.4335939300197222
ACO-WBAN,5,11,3.354247470228157
ACO-WBAN,5,12,3.4228437827349945
ACO-WBAN,5,13,3.4086767957424353
ACO-WBAN,5,14,3.270350592987683
ACO-WBAN,5,15,3.2521804469902205
ACO-WBAN,5,16,3.2316257320174824
ACO-WBAN,5,17,3.329339850438243
ACO-WBAN,5,18,3.3373426618328517
ACO-WBAN,5,19,3.3786254214822002
ACO-WBAN,5,20,3.4025593643108434
ACO-WBAN,5,21,3.348355751905117
ACO-WBAN,5,22,3.4149798825910103
ACO-WBAN,5,23,3.4120205456281876
ACO-WBAN,5,24,3.507271847082859
ACO-WBAN,5,25,3.3543476182297236
ACO-WBAN,5,26,3.2512801607849147
ACO-WBAN,5,27,3.4184707787997186
ACO-WBAN,5,28,3.358720673869175
ACO-WBAN,5,29,3.4434483512679908
ACO-WBAN,10,0,6.825230126528728
ACO-WBAN,10,1,6.843691511001683
ACO-WBAN,10,2,6.64069048952276
ACO-WBAN,10,3,6.661912922170136
ACO-WBAN,10,4,6.774905219228108
ACO-WBAN,10,5,6.749192661155833
ACO-WBAN,10,6,6.750813243146395
ACO-WBAN,10,7,6.699061822062025
ACO-WBAN,10,8,6.745475931238211
ACO-WBAN,10,9,6.778387528772039
ACO-WBAN,10,10,6.7303392622348035
ACO-WBAN,10,11,6.6298223450473115
ACO-WBAN,10,12,6.668779165196102
ACO-WBAN,10,13,6.813458946890118
ACO-WBAN,10,14,6.709984086441185
ACO-WBAN,10,15,6.501351199433787
ACO-WBAN,10,16,6.791963183237922
ACO-WBAN,10,17,6.9312810292307745
ACO-WBAN,10,18,6.722518544521469
ACO-WBAN,10,19,6.823844396574662
ACO-WBAN,10,20,6.836009322948752
ACO-WBAN,10,21,6.678684797583034
ACO-WBAN,10,22,6.709975921734554
ACO-WBAN,10,23,6.703319938643982
ACO-WBAN,10,24,6.699119555514234
ACO-WBAN,10,25,6.839113741003398
ACO-WBAN,10,26,6.852380670753717
ACO-WBAN,10,27,6.710684585709903
ACO-WBAN,10,28,6.988898799689574
ACO-WBAN,10,29,6.878142039057565
ACO-WBAN,20,0,13.653682269939825
ACO-WBAN,20,1,13.335900641969138
ACO-WBAN,20,2,13.622263267884104
ACO-WBAN,20,3,13.853790758435675
ACO-WBAN,20,4,13.223030883338941
ACO-WBAN,20,5,13.027162294859181
ACO-WBAN,20,6,13.432264904236993
ACO-WBAN,20,7,13.601707576427826
ACO-WBAN,20,8,13.38901680368874
ACO-WBAN,20,9,13.382432438020684
ACO-WBAN,20,10,13.061046511769034
ACO-WBAN,20,11,13.602201649933319
ACO-WBAN,20,12,13.618298308605938
ACO-WBAN,20,13,13.268895911959408
ACO-WBAN,20,14,13.630718386397174
ACO-WBAN,20,15,13.504762434037742
ACO-WBAN,20,16,13.573258096533841
ACO-WBAN,20,17,13.362708836287675
ACO-WBAN,20,18,13.824956956579605
ACO-WBAN,20,19,13.5987991765754
ACO-WBAN,20,20,13.553707281885382
ACO-WBAN,20,21,13.491070924464147
ACO-WBAN,20,22,13.842565661963059
ACO-WBAN,20,23,13.22600698193591
ACO-WBAN,20,24,13.443566514085903
ACO-WBAN,20,25,13.172587082142222
ACO-WBAN,20,26,13.387398484241643
ACO-WBAN,20,27,13.649293295205295
ACO-WBAN,20,28,13.938669495678049
ACO-WBAN,20,29,13.883678320324538
ACO-WBAN,40,0,27.499191544030474
ACO-WBAN,40,1,27.03733207314094
ACO-WBAN,40,2,26.637017192734984
ACO-WBAN,40,3,27.318053788866013
ACO-WBAN,40,4,26.437809725597397
ACO-WBAN,40,5,26.89612040432189
ACO-WBAN,40,6,27.317087617410763
ACO-WBAN,40,7,26.37634412458685
ACO-WBAN,40,8,28.08881596962873
ACO-WBAN,40,9,26.88935593734093
ACO-WBAN,40,10,26.83745466731697
ACO-WBAN,40,11,26.43611201159032
ACO-WBAN,40,12,27.214474829590515
ACO-WBAN,40,13,27.27177067217688
ACO-WBAN,40,14,27.197174061443903
ACO-WBAN,40,15,27.035078866123015
ACO-WBAN,40,16,26.603562410240155
ACO-WBAN,40,17,26.607914598545328
ACO-WBAN,40,18,27.37453949437427
ACO-WBAN,40,19,26.111587625569104
ACO-WBAN,40,20,26.709275149688764
ACO-WBAN,40,21,26.537696947141146
ACO-WBAN,40,22,27.063712536803173
ACO-WBAN,40,23,26.84452921468752
ACO-WBAN,40,24,26.781969591715285
ACO-WBAN,40,25,27.481727911733838
ACO-WBAN,40,26,26.758833132928167
ACO-WBAN,40,27,27.06936502409749
ACO-WBAN,40,28,26.777144343292385
ACO-WBAN,40,29,26.98630769057022
ACO-WBAN,80,0,52.909318219549874
ACO-WBAN,80,1,53.09305090989822
ACO-WBAN,80,2,53.57789094128374
ACO-WBAN,80,3,54.261547319110896
ACO-WBAN,80,4,54.07754788935692
ACO-WBAN,80,5,52.78182080977904
ACO-WBAN,80,6,51.36625826861462
ACO-WBAN,80,7,53.963047206126575
ACO-WBAN,80,8,53.891364774224094
ACO-WBAN,80,9,55.208766578473984
ACO-WBAN,80,10,54.44700491035639
ACO-WBAN,80,11,52.21303980716502
ACO-WBAN,80,12,54.22016650710963
ACO-WBAN,80,13,53.81958881308601
ACO-WBAN,80,14,52.54708814455854
ACO-WBAN,80,15,53.43544844067292
ACO-WBAN,80,16,53.94824473503665
ACO-WBAN,80,17,53.37568921215772
ACO-WBAN,80,18,53.18835751216311
ACO-WBAN,80,19,54.726111023359294
ACO-WBAN,80,20,55.620200370836805
ACO-WBAN,80,21,57.23415374011297
ACO-WBAN,80,22,53.09538422132397
ACO-WBAN,80,23,52.48070585682022
ACO-WBAN,80,24,53.52377670707179
ACO-WBAN,80,25,51.296614253416955
ACO-WBAN,80,26,54.63235851273918
ACO-WBAN,80,27,54.86914954568795
ACO-WBAN,80,28,53.195398992850016
ACO-WBAN,80,29,53.38421601001057
ACO-WBAN,120,0,80.42462235208338
ACO-WBAN,120,1,79.18463341400393
ACO-WBAN,120,2,81.70636213366754
ACO-WBAN,120,3,82.07389591146116
ACO-WBAN,120,4,80.88355574515253
ACO-WBAN,120,5,80.4456512291521
ACO-WBAN,120,6,81.44695701934835
ACO-WBAN,120,7,83.4322613017645
ACO-WBAN,120,8,79.80181239258687
ACO-WBAN,120,9,79.31072511896934
ACO-WBAN,120,10,80.43820183381972
ACO-WBAN,120,11,80.13788245612487
ACO-WBAN,120,12,80.33207900504146
ACO-WBAN,120,13,80.1707281861539
ACO-WBAN,120,14,75.73316667213513
ACO-WBAN,120,15,80.33541315936726
ACO-WBAN,120,16,82.10915607380025
ACO-WBAN,120,17,81.77006406209844
ACO-WBAN,120,18,80.38217475676235
ACO-WBAN,120,19,80.14580253906848
ACO-WBAN,120,20,78.77032510644442
ACO-WBAN,120,21,82.91658179270222
ACO-WBAN,120,22,79.0321964024152
ACO-WBAN,120,23,82.10523906483873
ACO-WBAN,120,24,82.12321036576006
ACO-WBAN,120,25,82.45681952461172
ACO-WBAN,120,26,80.92359313065974
ACO-WBAN,120,27,81.36646682430815
ACO-WBAN,120,28,83.8372734343996
ACO-WBAN,120,29,77.17001137726228
ACO-WBAN,160,0,106.98632848702742
ACO-WBAN,160,1,107.03848266740727
ACO-WBAN,160,2,106.62245364873347
ACO-WBAN,160,3,109.75772209808956
ACO-WBAN,160,4,110.87886982120136
ACO-WBAN,160,5,103.19010271237077
ACO-WBAN,160,6,108.43188231793249
ACO-WBAN,160,7,110.8337736632754
ACO-WBAN,160,8,110.32075853711837
ACO-WBAN,160,9,106.70338502955065
ACO-WBAN,160,10,104.39654219418215
ACO-WBAN,160,11,105.01878685900616
ACO-WBAN,160,12,110.93837393057697
ACO-WBAN,160,13,110.22870786497606
ACO-WBAN,160,14,106.80224901469089
ACO-WBAN,160,15,106.79999737782023
ACO-WBAN,160,16,109.74603880820871
ACO-WBAN,160,17,104.6461457273788
ACO-WBAN,160,18,108.28900201741226
ACO-WBAN,160,19,112.09987728890911
ACO-WBAN,160,20,105.02137716559864
ACO-WBAN,160,21,103.11762782255275
ACO-WBAN,160,22,108.49279028326715
ACO-WBAN,160,23,107.85728059822239
ACO-WBAN,160,24,106.48737036007455
ACO-WBAN,160,25,106.20094957137017
ACO-WBAN,160,26,102.62464195389575
ACO-WBAN,160,27,107.29466617680306
ACO-WBAN,160,28,106.87510556813423
ACO-WBAN,160,29,109.18860475229015
ACO-WBAN,200,0,110.34900520941547
ACO-WBAN,200,1,104.65772485291807
ACO-WBAN,200,2,107.38684626288432
ACO-WBAN,200,3,115.21104827381912
ACO-WBAN,200,4,109.84092649838239
ACO-WBAN,200,5,104.95103444689993
ACO-WBAN,200,6,108.79410978860447
ACO-WBAN,200,7,110.44778057333261
ACO-WBAN,200,8,105.64709590108669
ACO-WBAN,200,9,111.13218445636541
ACO-WBAN,200,10,106.08249021577241
ACO-WBAN,200,11,106.66688477125612
ACO-WBAN,200,12,111.76676539908664
ACO-WBAN,200,13,104.53262091299756
ACO-WBAN,200,14,106.28665537513804
ACO-WBAN,200,15,109.56015914262365
ACO-WBAN,200,16,107.8132372796041
ACO-WBAN,200,17,107.02892337849607
ACO-WBAN,200,18,106.02666133215904
ACO-WBAN,200,19,108.05589193462839
ACO-WBAN,200,20,108.23167625891331
ACO-WBAN,200,21,105.86174017416874
ACO-WBAN,200,22,107.48092532762674
ACO-WBAN,200,23,105.8165443275628
ACO-WBAN,200,24,106.07333811706162
ACO-WBAN,200,25,108.49599022858524
ACO-WBAN,200,26,107.26800708344612
ACO-WBAN,200,27,108.4868618184612
ACO-WBAN,200,28,106.40785979935016
ACO-WBAN,200,29,105.46660720169187
M-ATTEMPT,5,0,3.1259035194974834
M-ATTEMPT,5,1,3.1414868296773264
M-ATTEMPT,5,2,3.02891856578944
M-ATTEMPT,5,3,2.9142277675125805
M-ATTEMPT,5,4,3.0316273805569836
M-ATTEMPT,5,5,3.0460057617269842
M-ATTEMPT,5,6,3.029402072547524
M-ATTEMPT,5,7,3.1134161672263727
M-ATTEMPT,5,8,3.128623712053647
M-ATTEMPT,5,9,3.043750749912368
M-ATTEMPT,5,10,3.0761773086509328
M-ATTEMPT,5,11,3.0912218509725493
M-ATTEMPT,5,12,3.0320741727049993
M-ATTEMPT,5,13,2.9064933722785984
M-ATTEMPT,5,14,3.089512975740413
M-ATTEMPT,5,15,3.10609256969427
M-ATTEMPT,5,16,3.1198316613115313
M-ATTEMPT,5,17,2.977009293938598
M-ATTEMPT,5,18,3.0286119431546283
M-ATTEMPT,5,19,3.016939488960688
M-ATTEMPT,5,20,3.0316114137407366
M-ATTEMPT,5,21,3.1015762781760183
M-ATTEMPT,5,22,2.9880630690105803
M-ATTEMPT,5,23,2.9930886297618264
M-ATTEMPT,5,24,3.0767445280756567
M-ATTEMPT,5,25,3.0859559864643185
M-ATTEMPT,5,26,2.9604790166118904
M-ATTEMPT,5,27,3.118374280623081
M-ATTEMPT,5,28,3.1553558633456493
M-ATTEMPT,5,29,2.989599661642389
M-ATTEMPT,10,0,6.205054646999589
M-ATTEMPT,10,1,6.317100153888167
M-ATTEMPT,10,2,6.057593142586694
M-ATTEMPT,10,3,6.146934060781253
M-ATTEMPT,10,4,6.164646662642499
M-ATTEMPT,10,5,6.135638793622723
M-ATTEMPT,10,6,6.123308104242264
M-ATTEMPT,10,7,6.19025395107082
M-ATTEMPT,10,8,6.080575573349295
M-ATTEMPT,10,9,6.207181265642707
M-ATTEMPT,10,10,5.968818651731342
M-ATTEMPT,10,11,6.03159012366451
M-ATTEMPT,10,12,6.379172771261066
M-ATTEMPT,10,13,6.3856515048385605
M-ATTEMPT,10,14,5.93346172011212
M-ATTEMPT,10,15,5.857651682457666
M-ATTEMPT,10,16,6.1229266500650406
M-ATTEMPT,10,17,6.134035086718373
M-ATTEMPT,10,18,6.11010747088234
M-ATTEMPT,10,19,6.2689453185515305
M-ATTEMPT,10,20,6.091774787299338
M-ATTEMPT,10,21,6.131374392826729
M-ATTEMPT,10,22,6.2803088585028854
M-ATTEMPT,10,23,6.456811377828925
M-ATTEMPT,10,24,6.027714233662374
M-ATTEMPT,10,25,6.378569493989121
M-ATTEMPT,10,26,6.104218467203872
M-ATTEMPT,10,27,5.936076017578289
M-ATTEMPT,10,28,6.1083564092029965
M-ATTEMPT,10,29,6.198868339954061
M-ATTEMPT,20,0,12.29248085087811
M-ATTEMPT,20,1,12.289331707777253
M-ATTEMPT,20,2,12.057614160559659
M-ATTEMPT,20,3,12.071097835273534
M-ATTEMPT,20,4,11.93667366504491
M-ATTEMPT,20,5,12.20631469258309
M-ATTEMPT,20,6,12.534024663264317
M-ATTEMPT,20,7,12.029817977387289
M-ATTEMPT,20,8,11.977743263717942
M-ATTEMPT,20,9,12.790914874956815
M-ATTEMPT,20,10,11.788541493068934
M-ATTEMPT,20,11,12.672277138081217
M-ATTEMPT,20,12,12.016075547155953
M-ATTEMPT,20,13,12.367082548845897
M-ATTEMPT,20,14,12.383045680460839
M-ATTEMPT,20,15,12.647824951833023
M-ATTEMPT,20,16,11.949172595154106
M-ATTEMPT,20,17,12.147142405960759
M-ATTEMPT,20,18,12.245022031499978
M-ATTEMPT,20,19,12.017298022869785
M-ATTEMPT,20,20,12.441797828402041
M-ATTEMPT,20,21,12.284277483681569
M-ATTEMPT,20,22,11.811081193724334
M-ATTEMPT,20,23,12.03267441471054
M-ATTEMPT,20,24,11.9643994754061
M-ATTEMPT,20,25,11.949518828487506
M-ATTEMPT,20,26,12.387995231026718
M-ATTEMPT,20,27,12.086772185734363
M-ATTEMPT,20,28,12.375621927805897
M-ATTEMPT,20,29,12.242333947038682
M-ATTEMPT,40,0,25.167075943474043
M-ATTEMPT,40,1,24.46882700045868
M-ATTEMPT,40,2,24.192242066307994
M-ATTEMPT,40,3,24.37218177844995
M-ATTEMPT,40,4,24.86416160369046
M-ATTEMPT,40,5,24.646818240299535
M-ATTEMPT,40,6,23.686455816481754
M-ATTEMPT,40,7,25.463350314157175
M-ATTEMPT,40,8,24.472414930697408
M-ATTEMPT,40,9,24.516808361439026
M-ATTEMPT,40,10,24.030270940758665
M-ATTEMPT,40,11,25.19908481087583
M-ATTEMPT,40,12,23.957542099323472
M-ATTEMPT,40,13,24.62516624049179
M-ATTEMPT,40,14,24.699606112690358
M-ATTEMPT,40,15,24.700551807599634
M-ATTEMPT,40,16,25.121612289316023
M-ATTEMPT,40,17,23.887921830278806
M-ATTEMPT,40,18,24.557844689908258
M-ATTEMPT,40,19,24.59606329910267
M-ATTEMPT,40,20,25.029184061997643
M-ATTEMPT,40,21,24.56533375703242
M-ATTEMPT,40,22,24.198707908634127
M-ATTEMPT,40,23,23.474373060882417
M-ATTEMPT,40,24,24.35602003160559
M-ATTEMPT,40,25,24.45149589536859
M-ATTEMPT,40,26,24.65118229005658
M-ATTEMPT,40,27,24.22733209519586
M-ATTEMPT,40,28,23.59654037715414
M-ATTEMPT,40,29,24.740533460991536
M-ATTEMPT,80,0,47.98561381416663
M-ATTEMPT,80,1,48.97561519334517
M-ATTEMPT,80,2,48.93275021040726
M-ATTEMPT,80,3,48.63899179634393
M-ATTEMPT,80,4,48.98113662441302
M-ATTEMPT,80,5,49.85475253448653
M-ATTEMPT,80,6,49.12758305111235
M-ATTEMPT,80,7,48.08876539282723
M-ATTEMPT,80,8,49.52390920771997
M-ATTEMPT,80,9,48.56195819909195
M-ATTEMPT,80,10,51.13781418689368
M-ATTEMPT,80,11,51.00229399923146
M-ATTEMPT,80,12,48.40601926118822
M-ATTEMPT,80,13,48.46653443861302
M-ATTEMPT,80,14,49.974155354791954
M-ATTEMPT,80,15,50.18886631611623
M-ATTEMPT,80,16,49.31037309857136
M-ATTEMPT,80,17,50.70753175602163
M-ATTEMPT,80,18,48.944662658410984
M-ATTEMPT,80,19,48.10761275797702
M-ATTEMPT,80,20,50.32897526861486
M-ATTEMPT,80,21,48.90898518813809
M-ATTEMPT,80,22,49.45895470788359
M-ATTEMPT,80,23,49.49908489649788
M-ATTEMPT,80,24,47.67687496696105
M-ATTEMPT,80,25,47.9298194016958
M-ATTEMPT,80,26,47.54247955866035
M-ATTEMPT,80,27,50.07627054447118
M-ATTEMPT,80,28,49.458477054596315
M-ATTEMPT,80,29,50.74655935139624
M-ATTEMPT,120,0,74.1313908361193
M-ATTEMPT,120,1,74.32091441105558
M-ATTEMPT,120,2,74.811437997385
M-ATTEMPT,120,3,75.00774654602402
M-ATTEMPT,120,4,70.0509240700059
M-ATTEMPT,120,5,72.79731785708555
M-ATTEMPT,120,6,73.59432654099592
M-ATTEMPT,120,7,72.82667912425774
M-ATTEMPT,120,8,70.74587294887077
M-ATTEMPT,120,9,73.69426430699542
M-ATTEMPT,120,10,73.71285357027594
M-ATTEMPT,120,11,74.79179755732136
M-ATTEMPT,120,12,73.97828892870778
M-ATTEMPT,120,13,70.69502220086544
M-ATTEMPT,120,14,71.86554323710038
M-ATTEMPT,120,15,75.75204825054426
M-ATTEMPT,120,16,72.64866749966664
M-ATTEMPT,120,17,75.92324073043291
M-ATTEMPT,120,18,73.92362087931274
M-ATTEMPT,120,19,75.01675111677392
M-ATTEMPT,120,20,70.72993627602112
M-ATTEMPT,120,21,69.7075362081385
M-ATTEMPT,120,22,74.4894088260931
M-ATTEMPT,120,23,72.75756862549537
M-ATTEMPT,120,24,74.29843572612033
M-ATTEMPT,120,25,72.18401097142564
M-ATTEMPT,120,26,75.53180173898265
M-ATTEMPT,120,27,71.19125169883101
M-ATTEMPT,120,28,72.18002394808359
M-ATTEMPT,120,29,74.62086707448226
M-ATTEMPT,160,0,96.76436967463233
M-ATTEMPT,160,1,100.08937114753363
M-ATTEMPT,160,2,96.68738816749946
M-ATTEMPT,160,3,101.63441142162205
M-ATTEMPT,160,4,97.51332908926547
M-ATTEMPT,160,5,96.22512020119466
M-ATTEMPT,160,6,98.75452158797484
M-ATTEMPT,160,7,96.47835715652516
M-ATTEMPT,160,8,95.83665797676964
M-ATTEMPT,160,9,96.89039547544041
M-ATTEMPT,160,10,101.16986729073787
M-ATTEMPT,160,11,98.71056757690745
M-ATTEMPT,160,12,98.01822947395642
M-ATTEMPT,160,13,98.5863037681857
M-ATTEMPT,160,14,98.63508858792407
M-ATTEMPT,160,15,98.03806404606337
M-ATTEMPT,160,16,96.13892343592025
M-ATTEMPT,160,17,98.76512866267153
M-ATTEMPT,160,18,100.5924604635777
M-ATTEMPT,160,19,97.15732806721367
M-ATTEMPT,160,20,96.67478674752876
M-ATTEMPT,160,21,99.43558723682449
M-ATTEMPT,160,22,100.00276368863302
M-ATTEMPT,160,23,98.58658814079986
M-ATTEMPT,160,24,101.24780406128059
M-ATTEMPT,160,25,98.79750651324112
M-ATTEMPT,160,26,101.82345403587489
M-ATTEMPT,160,27,97.26204688493584
M-ATTEMPT,160,28,96.00626762249897
M-ATTEMPT,160,29,97.35204143273977
M-ATTEMPT,200,0,98.30562117143978
M-ATTEMPT,200,1,102.42063721859134
M-ATTEMPT,200,2,96.28202725850662
M-ATTEMPT,200,3,99.06134670677423
M-ATTEMPT,200,4,100.23049301726985
M-ATTEMPT,200,5,100.65905181691828
M-ATTEMPT,200,6,97.39782868546234
M-ATTEMPT,200,7,97.97270602635922
M-ATTEMPT,200,8,101.40252971920873
M-ATTEMPT,200,9,99.57836419240748
M-ATTEMPT,200,10,98.01539042823876
M-ATTEMPT,200,11,97.17172964012558
M-ATTEMPT,200,12,97.61706519578027
M-ATTEMPT,200,13,96.84893883663871
M-ATTEMPT,200,14,98.14747315800491
M-ATTEMPT,200,15,99.98477201611566
M-ATTEMPT,200,16,97.20270398152657
M-ATTEMPT,200,17,98.09167099222313
M-ATTEMPT,200,18,95.40100613823473
M-ATTEMPT,200,19,95.41899786543765
M-ATTEMPT,200,20,98.29058604232674
M-ATTEMPT,200,21,100.31068950277209
M-ATTEMPT,200,22,100.13030839161479
M-ATTEMPT,200,23,99.17476454154396
M-ATTEMPT,200,24,98.72325461192098
M-ATTEMPT,200,25,95.8311321857903
M-ATTEMPT,200,26,100.6281220356931
M-ATTEMPT,200,27,96.24008251059065
M-ATTEMPT,200,28,100.11472971532565
M-ATTEMPT,200,29,97.2089812264177
AODV,5,0,2.600790291951505
AODV,5,1,2.5561136716506963
AODV,5,2,2.5598737023870344
AODV,5,3,2.5608340149228876
AODV,5,4,2.518547743898211
AODV,5,5,2.5693786009929878
AODV,5,6,2.6408971017222216
AODV,5,7,2.6746844543682555
AODV,5,8,2.5609665000483504
AODV,5,9,2.622792881506239
AODV,5,10,2.4663586741785255
AODV,5,11,2.5684665848781405
AODV,5,12,2.5795414090862665
AODV,5,13,2.549098346015218
AODV,5,14,2.686390284672312
AODV,5,15,2.6109427476190348
AODV,5,16,2.5232679890353293
AODV,5,17,2.7365228521476617
AODV,5,18,2.6416982993132776
AODV,5,19,2.529891241894076
AODV,5,20,2.537489714717657
AODV,5,21,2.54962457678307
AODV,5,22,2.5317959304913935
AODV,5,23,2.542899428249022
AODV,5,24,2.570830165166831
AODV,5,25,2.58352348858481
AODV,5,26,2.621071412107865
AODV,5,27,2.56595002621046
AODV,5,28,2.5868927551631353
AODV,5,29,2.5297229871642775
AODV,10,0,5.173113262007564
AODV,10,1,5.242685710338519
AODV,10,2,4.979681336478938
AODV,10,3,5.0340770389162905
AODV,10,4,4.9951224900537285
AODV,10,5,5.205916994778896
AODV,10,6,5.157758672794126
AODV,10,7,5.054751294051669
AODV,10,8,5.138889406175226
AODV,10,9,5.192410368149948
AODV,10,10,4.897827116133384
AODV,10,11,5.062257090499094
AODV,10,12,5.283068868883614
AODV,10,13,4.89114483247091
AODV,10,14,5.14181796851389
AODV,10,15,5.202877067018254
AODV,10,16,5.156718602146387
AODV,10,17,5.072283018622507
AODV,10,18,5.032408944691884
AODV,10,19,5.0919614035396314
AODV,10,20,5.135961761968752
AODV,10,21,5.166682772392239
AODV,10,22,5.345627513096894
AODV,10,23,5.091284204664169
AODV,10,24,4.925177864113263
AODV,10,25,4.941067124724108
AODV,10,26,5.059302464415395
AODV,10,27,5.120384831291253
AODV,10,28,4.9406877937306675
AODV,10,29,5.13945393125612
AODV,20,0,10.341310693730787
AODV,20,1,10.05812523203802
AODV,20,2,10.323100820105536
AODV,20,3,10.25620335321555
AODV,20,4,10.487966563390666
AODV,20,5,10.524957967461068
AODV,20,6,10.316632275600421
AODV,20,7,10.384851789340226
AODV,20,8,10.257450716590347
AODV,20,9,10.258668704395205
AODV,20,10,9.874894748426085
AODV,20,11,10.413505604419761
AODV,20,12,10.018321712545303
AODV,20,13,10.981877001585193
AODV,20,14,10.37843728367608
AODV,20,15,10.362632960521458
AODV,20,16,10.233481343101634
AODV,20,17,10.552566962132877
AODV,20,18,9.953845967335269
AODV,20,19,10.493051487886145
AODV,20,20,10.36324606830435
AODV,20,21,10.575951499808646
AODV,20,22,10.203402309625893
AODV,20,23,10.674264654799972
AODV,20,24,9.97799079366177
AODV,20,25,10.016398948405257
AODV,20,26,10.646396545498867
AODV,20,27,10.571466165447866
AODV,20,28,10.532660359491327
AODV,20,29,10.114831487721698
AODV,40,0,21.38891987058246
AODV,40,1,20.06469891535676
AODV,40,2,19.86284192823051
AODV,40,3,21.02756403021619
AODV,40,4,20.599666947345966
AODV,40,5,21.072287941137283
AODV,40,6,19.53747769699101
AODV,40,7,20.215219676870884
AODV,40,8,20.508224374906277
AODV,40,9,20.31632504483322
AODV,40,10,20.124052554308275
AODV,40,11,20.474603079429293
AODV,40,12,20.95780255612564
AODV,40,13,20.172907647735013
AODV,40,14,20.740045434893524
AODV,40,15,21.50169776940329
AODV,40,16,20.854437928104264
AODV,40,17,20.906001761646372
AODV,40,18,19.65732437656801
AODV,40,19,20.586824532889324
AODV,40,20,20.679530386652054
AODV,40,21,20.96616621012731
AODV,40,22,20.923817731986098
AODV,40,23,20.287593420909285
AODV,40,24,20.510849354827336
AODV,40,25,19.804003484455905
AODV,40,26,21.04150390337839
AODV,40,27,21.447286200225566
AODV,40,28,19.835926689252403
AODV,40,29,20.680507169780142
AODV,80,0,40.937670641302034
AODV,80,1,42.93888391022769
AODV,80,2,42.300235324592514
AODV,80,3,41.364391958443214
AODV,80,4,39.18145800860308
AODV,80,5,41.802507999607414
AODV,80,6,39.56667036647449
AODV,80,7,40.91431086615338
AODV,80,8,39.470565110222964
AODV,80,9,41.08961095998685
AODV,80,10,41.20645959647118
AODV,80,11,39.8542013204323
AODV,80,12,41.628458299959014
AODV,80,13,43.035391588821085
AODV,80,14,41.33517723545451
AODV,80,15,38.58700891810568
AODV,80,16,40.25162325177504
AODV,80,17,40.805673237725195
AODV,80,18,43.95624040434501
AODV,80,19,41.11040272882433
AODV,80,20,40.822254495438536
AODV,80,21,39.97227595186924
AODV,80,22,40.62451247031681
AODV,80,23,41.24343930964813
AODV,80,24,40.88362693579245
AODV,80,25,40.21575001225631
AODV,80,26,41.01454819233953
AODV,80,27,42.35193000652196
AODV,80,28,40.901674529431226
AODV,80,29,41.3094185067845
AODV,120,0,60.64596352244202
AODV,120,1,63.50799768920298
AODV,120,2,60.55288460198259
AODV,120,3,60.743459466195645
AODV,120,4,60.91914696849334
AODV,120,5,61.38866532785323
AODV,120,6,60.120955501141246
AODV,120,7,59.30634167035842
AODV,120,8,61.135856129996
AODV,120,9,59.111354659965784
AODV,120,10,60.92950350590896
AODV,120,11,58.77705156112939
AODV,120,12,62.739100247088615
AODV,120,13,62.895297858576384
AODV,120,14,61.23619597585689
AODV,120,15,62.468953170488334
AODV,120,16,61.89898954986542
AODV,120,17,64.24340943881376
AODV,120,18,59.644442477602944
AODV,120,19,62.7943314563855
AODV,120,20,59.5959012811308
AODV,120,21,63.135254089153236
AODV,120,22,61.73156933657974
AODV,120,23,61.24895133906139
AODV,120,24,62.264488398894215
AODV,120,25,62.94397713356852
AODV,120,26,60.33702735885177
AODV,120,27,61.58596581224242
AODV,120,28,60.90785887893769
AODV,120,29,59.724303474760575
AODV,160,0,82.46483399590817
AODV,160,1,83.87572895991528
AODV,160,2,85.59160984210442
AODV,160,3,78.89426907646049
AODV,160,4,82.2484365653846
AODV,160,5,84.29972580390317
AODV,160,6,83.43629911055966
AODV,160,7,80.94864397532228
AODV,160,8,77.58160562683999
AODV,160,9,78.85657422373288
AODV,160,10,80.28049826356195
AODV,160,11,78.58263086473758
AODV,160,12,82.98462149164133
AODV,160,13,81.44569610862308
AODV,160,14,80.83377298284518
AODV,160,15,77.8240199698345
AODV,160,16,79.2038045559716
AODV,160,17,85.06369400317695
AODV,160,18,82.06942193762112
AODV,160,19,78.75611944982063
AODV,160,20,80.63604036037555
AODV,160,21,82.91847848465079
AODV,160,22,82.34125315138786
AODV,160,23,82.41787798184455
AODV,160,24,84.14699103574183
AODV,160,25,79.23183870202503
AODV,160,26,81.41742037711953
AODV,160,27,83.01082954515272
AODV,160,28,83.57561160021652
AODV,160,29,79.30104980643041
AODV,200,0,82.81528897742328
AODV,200,1,81.84098574820692
AODV,200,2,78.80138255211426
AODV,200,3,78.8412557992313
AODV,200,4,79.5415453612868
AODV,200,5,82.10062130656365
AODV,200,6,83.61277202646289
AODV,200,7,81.65410372388072
AODV,200,8,80.24602770029816
AODV,200,9,79.8606513327691
AODV,200,10,79.17895925447685
AODV,200,11,85.57968378200623
AODV,200,12,82.61027065077077
AODV,200,13,84.22841140957212
AODV,200,14,81.4166892291075
AODV,200,15,85.29963965721788
AODV,200,16,82.01044376453586
AODV,200,17,84.65999795311077
AODV,200,18,81.22726731802064
AODV,200,19,79.79531521869706
AODV,200,20,85.80318107861612
AODV,200,21,81.92972628434195
AODV,200,22,83.62433654312184
AODV,200,23,81.77031536744586
AODV,200,24,81.91219197291771
AODV,200,25,81.04298717561191
AODV,200,26,81.71786624206894
AODV,200,27,80.95292227690165
AODV,200,28,84.67783454755529
AODV,200,29,81.2414985496107
